,GEOID,median_income,ZIPCODE,transit_center_in_zipcode,incomeBracket,Estimate.Total.poverty.status.determined,Estimate.Total.Below.100.percent.of.the.poverty.level.percent.,Estimate.Total.100.to.149.percent.of.the.poverty.level.percent.,Estimate.Total.At.or.above.150.percent.of.the.poverty.level.percent.,Estimate.Car.truck.or.van.drove.alone.,Estimate.Car.truck.or.van.drove.alone.Below.100.percent.of.the.poverty.level.percent.,Estimate.Car.truck.or.van.drove.alone.100.to.149.percent.of.the.poverty.level.percent.,Estimate.Car.truck.or.van.drove.alone.At.or.above.150.percent.of.the.poverty.level.percent.,Estimate.Car.truck.or.van.households.drove.alone.,Estimate.Car.truck.or.van.households.drove.alone.VEHICLES.AVAILABLE.none.percent.,Estimate.Car.truck.or.van.households.drove.alone.VEHICLES.AVAILABLE.1.percent.,Estimate.Car.truck.or.van.households.drove.alone.VEHICLES.AVAILABLE.2.percent.,Estimate.Car.truck.or.van.households.drove.alone.VEHICLES.AVAILABLE.3.percent.,Estimate.Car.truck.or.van.households.carpooled.,Estimate.Car.truck.or.van.households.carpooled.Below.100.percent.of.the.poverty.level.percent.,Estimate.Car.truck.or.van.households.carpooled.100.to.149.percent.of.the.poverty.level.percent.,Estimate.Car.truck.or.van.households.carpooled.At.or.above.150.percent.of.the.poverty.level.percent.,Estimate.Car.truck.or.van.households.carpooled.,Estimate.Car.truck.or.van.households.carpooled.VEHICLES.AVAILABLE.none.percent.,Estimate.Car.truck.or.van.households.carpooled.VEHICLES.AVAILABLE.1.percent.,Estimate.Car.truck.or.van.households.carpooled.VEHICLES.AVAILABLE.2.percent.,Estimate.Car.truck.or.van.households.carpooled.VEHICLES.AVAILABLE.3.percent.,Estimate.Public.Transportation.Below.100.percent.of.the.poverty.level.percent,Estimate.Public.Transportation.100.to.149.percent.of.the.poverty.level.percent.,Estimate.Public.Transportation.Users.At.or.above.150.percent.of.the.poverty.level.percent.,Estimate.Public.transportation.households.,Estimate.Public.transportation.households.VEHICLES.AVAILABLE.none.percent.,Estimate.Public.transportation.households.VEHICLES.AVAILABLE.1.percent,Estimate.Public.transportation.households.VEHICLES.AVAILABLE.2.percent.,Estimate.Public.transportation.households.VEHICLES.AVAILABLE.3.percent.
1,1400000US53033000101,69942,98125,Yes,Middle Income,1,1,2142,6.5,17.8,75.7,961,7.4,23.6,69,0,54.8,32.2,13,180,0,19.4,80.6,0,82.8,8.9,8.3,478,14.2,25.1,60.7,9.4,52.3,34.7,3.6
2,1400000US53033000102,82806,98125,Yes,Middle Income,2,2,2458,5.5,3.2,91.3,1224,7.4,4.3,88.3,0,27,27.5,45.4,123,0,0,100,0,61,17.1,22,444,10.4,5.9,83.8,21.2,44,18.5,16.3
3,1400000US53033000201,86167,98125,Yes,Middle Income,3,3,2840,6.7,1.7,91.6,1214,3,0,97,0,32.1,61,6.8,159,0,8.8,91.2,0,47.8,38.4,13.8,720,14.3,4.9,80.8,13.5,52.4,31.8,2.2
4,1400000US53033000202,59550,98125,Yes,Middle Income,4,4,2427,1.4,3.1,95.5,1170,2.9,4.2,92.9,0,18.6,42,39.4,211,0,0,100,0,26.1,32.2,41.7,310,0,0,100,0,52.9,35.5,11.6
5,1400000US53033000300,65167,98125,Yes,Middle Income,5,5,1761,5.1,0.7,94.2,1102,6.4,1.1,92.5,1.5,22.7,35.7,40.2,121,0,0,100,0,53.7,38.8,7.4,166,0.6,0,99.4,9.7,22.4,41.2,26.7
6,1400000US53033000402,78826,98133,Yes,Middle Income,6,6,2903,1.2,2.9,95.8,1458,0.6,5.8,93.6,9.8,38.1,36.8,15.3,428,0,0,100,3,37.1,56.5,3.3,608,4.1,0,95.9,12.3,65,11.8,10.9
7,1400000US53033000403,71827,98133,Yes,Middle Income,7,7,1397,6.2,3.4,90.4,833,3.8,5.6,90.5,0,39.1,53.4,7.4,70,0,0,100,0,75.7,24.3,0,166,18.1,0,81.9,26.5,41.6,31.9,0
8,1400000US53033000404,56708,98133,Yes,Middle Income,8,8,2152,10.2,4.1,85.7,1413,9.4,2.3,88.3,3.3,54.6,39.6,2.5,204,24,20.1,55.9,37.7,62.3,0,0,377,9.8,3.7,86.5,45.4,29.7,24.9,0
9,1400000US53033000500,193750,98177,No,High Income,9,9,1494,1.7,1.6,96.7,827,1.2,1.9,96.9,0,14.8,57.4,27.8,74,0,0,100,12.2,0,44.6,43.2,82,0,0,100,0,12.2,40.2,47.6
10,1400000US53033000601,84521,98125,Yes,Middle Income,10,10,2616,4.2,0.4,95.4,1476,0.9,0,99.1,0.7,28.2,27.9,43.2,287,0,0,100,0,8,77,15,240,0,4.6,95.4,56.7,28.8,10,4.6
11,1400000US53033000602,89667,98125,Yes,Middle Income,11,11,2156,4.9,3.5,91.6,1098,0,6.8,93.2,1.5,35.1,28.9,34.6,214,30.8,0,69.2,29,19.2,28.5,23.4,245,0,0,100,5.7,46.5,45.7,2
12,1400000US53033000700,81875,98125,Yes,Middle Income,12,12,3383,3.4,3.4,93.2,1915,2.6,4.1,93.3,0,21.8,36.6,41.6,298,7,0,93,0,19.8,70.1,10.1,450,4.7,8.2,87.1,18,56,26,0
13,1400000US53033000800,95714,98125,Yes,Middle Income,13,13,1580,5.6,0.5,93.9,839,3.7,1,95.4,0,23.1,42.7,34.2,124,18.5,0,81.5,0,59.7,6.5,33.9,161,0,0,100,0,29.2,26.7,44.1
14,1400000US53033001000,175962,98125,Yes,High Income,15,15,1073,4.8,1.3,93.8,459,5.4,2,92.6,2.6,20.3,44.2,32.9,117,9.4,4.3,86.3,0,35.9,27.4,36.8,149,10.7,0,89.3,6.7,35.6,32.9,24.8
15,1400000US53033001100,163125,98115,No,High Income,16,16,1527,2.3,0.5,97.2,925,0,0,100,0,15.2,44,40.8,160,1.9,0,98.1,0,5,72.5,22.5,172,0,4.7,95.3,0,35.5,43.6,20.9
16,1400000US53033001202,79364,98125,Yes,Middle Income,18,18,1830,9.1,6.1,84.8,685,13.4,0,86.6,0,46.7,29.6,23.6,161,9.9,0,90.1,0,100,0,0,368,0,0,100,17.7,71.2,0,11.1
17,1400000US53033001300,85298,98103,No,Middle Income,19,19,3009,4.1,4.5,91.4,1434,1.9,2.2,95.9,2.6,48.4,28.7,20.3,260,0,0,100,3.5,37.7,42.7,16.2,659,12.1,12.6,75.3,23.2,50.8,24.3,1.7
18,1400000US53033001500,230000,98117,No,High Income,21,21,1583,3.1,0,96.9,1018,4.8,0,95.2,0,13.6,39.8,46.7,60,0,0,100,0,0,15,85,158,0,0,100,8.9,30.4,46.8,13.9
19,1400000US53033001701,94412,98103,No,Middle Income,23,23,3219,3.7,7.7,88.6,1576,4.8,7.6,87.6,1,24.9,66.8,7.3,112,0,0,100,16.1,76.8,7.1,0,875,4.8,13.4,81.8,18.3,53.3,26.9,1.6
20,1400000US53033001702,95481,98103,No,Middle Income,24,24,3217,0.8,0,99.2,1376,1.9,0,98.1,0,26.2,41.2,32.6,95,0,0,100,0,0,34.7,65.3,807,0,0,100,28.3,38.5,19.8,13.4
21,1400000US53033001800,95536,98103,No,Middle Income,25,25,3582,1.1,1.8,97.1,1922,0.8,3,96.3,2.8,37.6,40.3,19.3,141,0,0,100,9.9,69.5,9.2,11.3,631,0,1,99,10.8,59.7,26,3.5
22,1400000US53033001900,248194,98103,No,High Income,26,26,3078,4.9,4.3,90.8,1499,4.3,4.1,91.6,0,28.2,40.2,31.6,108,25,0,75,0,59.3,25,15.7,537,11.2,8.9,79.9,8.2,47.1,35.7,8.9
23,1400000US53033002200,201944,98115,No,High Income,29,29,2986,2.4,1,96.6,1529,4.8,1.8,93.5,0,12.8,44.6,42.6,384,0,0,100,0,9.9,51.8,38.3,350,0,0.6,99.4,0,12.4,66.4,21.3
24,1400000US53033002600,198929,98115,No,High Income,32,32,3239,2,2.8,95.2,1630,2.3,2.8,94.8,4.7,17.4,54.8,23.1,254,0,0,100,15.7,13.4,51.2,19.7,440,3,9.3,87.7,4.8,32.3,32.3,30.5
25,1400000US53033002800,241417,98103,No,High Income,34,34,3356,2.1,1.1,96.8,1603,4.4,1.1,94.6,0.9,29.9,45.2,24,239,0,0,100,0,8.4,44.8,46.9,507,0.2,0,99.8,8.3,45.3,34.9,11.5
26,1400000US53033002900,61591,98103,No,Middle Income,35,35,2786,2.8,0.9,96.3,1262,0,0.7,99.3,1.3,21.9,52.9,23.9,208,1.4,0,98.6,0,21.5,66.3,12.2,396,2.3,0,97.7,6.1,57.6,36.4,0
27,1400000US53033003000,193125,98117,No,High Income,36,36,3692,1.1,0.8,98.1,1750,0.7,0,99.3,0,22.4,53,24.6,184,0,0,100,0,77.7,22.3,0,427,0,3.5,96.5,0,38.4,53.9,7.7
28,1400000US53033003202,70388,98107,No,Middle Income,39,39,2802,0.8,0.8,98.4,978,0,0,100,1.6,23.6,62.8,12,154,0,0,100,0,0,100,0,618,0,0,100,5.5,18,76.5,0
29,1400000US53033003302,241719,98107,No,High Income,41,41,2528,5.7,0.8,93.6,925,4.3,2.1,93.6,5.3,28.8,61.9,4,130,40,0,60,0,60,0,40,697,4.7,0,95.3,5.7,33.9,50.6,9.8
30,1400000US53033003400,198516,98107,No,High Income,42,42,2032,0,1.5,98.5,756,0,2.8,97.2,0,32.1,53.4,14.4,95,0,0,100,0,41.1,32.6,26.3,364,0,2.7,97.3,0,57.7,14.3,28
31,1400000US53033003601,96090,98103,No,Middle Income,44,44,1970,3.2,1,95.8,894,3.8,0,96.2,0,28.4,61.3,10.3,81,0,0,100,0,0,44.4,55.6,329,4,5.8,90.3,5.2,62.3,32.5,0
32,1400000US53033003602,93867,98115,No,Middle Income,45,45,2986,3.6,7.5,88.9,1164,8.6,4.8,86.6,2.3,54.1,39.8,3.8,165,0,0,100,47.9,21.2,13.3,17.6,571,1.4,11.9,86.7,11.6,55.3,31.5,1.6
33,1400000US53033003800,192500,98115,No,High Income,46,46,1535,5.5,2.7,91.8,576,6.8,3,90.3,1.2,24.7,64.8,9.4,39,23.1,0,76.9,0,76.9,0,23.1,244,2,5.7,92.2,14.3,45.9,29.9,9.8
34,1400000US53033004102,241845,98105,No,High Income,50,50,2048,7.1,1.2,91.7,827,13.7,1.6,84.8,0,22.4,68.5,9.1,37,0,0,100,0,32.4,67.6,0,420,7.9,2.9,89.3,14.1,33.5,38.5,13.9
35,1400000US53033004401,231125,98105,No,High Income,55,55,2394,13.5,4.3,82.2,855,6.2,7.7,86.1,1.4,25.4,36.7,36.5,20,55,0,45,0,45,55,0,730,25.1,2.5,72.3,29.8,18,14.8,37.3
36,1400000US53033004500,90313,98103,No,Middle Income,57,57,2179,12.9,6.2,80.8,712,4.9,3.2,91.9,0,21.5,32.2,46.3,83,28.9,0,71.1,27.2,34.6,0,38.3,453,26.3,16.6,57.2,38.2,15.5,17,29.4
37,1400000US53033004600,220000,98103,No,High Income,58,58,1861,4.2,1.1,94.6,855,3.4,2.5,94.2,0,24.4,61.2,14.4,121,0,0,100,0,41.3,56.2,2.5,380,2.9,0,97.1,9.5,28.4,48.7,13.4
38,1400000US53033004901,193421,98103,No,High Income,63,63,3058,7.7,2.2,90.1,872,0,0,100,7.6,42.5,26.7,23.2,135,0,0,100,0,57.8,19.3,23,931,11.5,1.9,86.6,15.5,56.2,25.8,2.6
39,1400000US53033004902,60526,98103,No,Middle Income,64,64,2462,0.4,2.8,96.8,872,0,1.5,98.5,0,64.9,29.5,5.6,95,0,0,100,0,10.5,61.1,28.4,421,2.1,0,97.9,23.8,55.8,20.4,0
40,1400000US53033005000,99444,98103,No,Middle Income,65,65,3168,5.5,1.9,92.6,1717,9.3,3.6,87.1,0,30.5,55.6,13.9,111,0,0,100,0,64.9,0,35.1,594,0,0,100,7.6,34.3,46.6,11.4
41,1400000US53033005401,48682,98103,No,Middle Income,74,74,2458,0.5,0,99.5,906,0,0,100,0,41.5,53.1,5.4,102,0,0,100,0,80.4,19.6,0,438,0,0,100,13.5,66.2,17.4,3
42,1400000US53033005402,75547,98103,No,Middle Income,75,75,2329,2,1.3,96.7,912,1.8,0,98.2,1.8,36.2,46.4,15.7,138,0,0,100,0,59.4,25.4,15.2,492,6.3,2.6,91.1,9.3,59.8,14.8,16.1
43,1400000US53033005600,217639,98199,No,High Income,76,76,3285,1.2,0,98.8,1504,2.6,0,97.4,0.9,9.8,66.3,23,303,0,0,100,0,14.5,79.9,5.6,227,0,0,100,0,12.8,80.6,6.6
44,1400000US53033005700,211964,98199,No,High Income,77,77,3484,1.7,2,96.3,1844,0.9,3,96.1,0,32.7,48.5,18.8,407,0,0,100,0,35.6,41.3,23.1,331,8.2,0,91.8,5.1,31.7,28.1,35
45,1400000US53033005901,45781,98119,No,Middle Income,81,81,1783,0,3.6,96.4,878,0,8.5,91.5,0,26.1,38.4,35.5,55,0,0,100,0,72.3,0,27.7,397,0,0,100,31.3,51.4,13.8,3.4
46,1400000US53033006703,93597,98109,No,Middle Income,92,92,2027,1.8,1.8,96.4,552,0,0,100,0,41.7,37.1,21.2,193,0,18.7,81.3,18.7,69.4,0,11.9,205,8.8,0,91.2,0,79.1,20.9,0
47,1400000US53033007101,95859,98109,No,Middle Income,97,97,2237,3.1,2.3,94.6,410,0.5,0.7,98.8,4.7,30.1,65.2,0,19,0,0,100,100,0,0,0,502,7.8,6.4,85.9,52.9,47.1,0,0
48,1400000US53033007102,96699,98119,No,Middle Income,98,98,2036,4,1.6,94.4,614,2.6,2.4,95,0,67.4,32.6,0,103,0,0,100,0,100,0,0,489,10,0,90,31.3,31.3,37.4,0
49,1400000US53033007201,61823,98121,No,Middle Income,99,99,3360,3.1,0.8,96.1,560,5.7,0,94.3,0,49.3,40.5,10.2,207,0,0,100,17.9,82.1,0,0,257,0,10.5,89.5,77.4,10.9,11.7,0
50,1400000US53033007302,24826,98101,No,Low Income,103,103,3765,9.4,0,90.6,555,10.1,0,89.9,0,93,7,0,174,0,0,100,21.3,0,78.7,0,643,7.2,0,92.8,65.1,31.1,3.9,0
51,1400000US53033007403,96071,98102,No,Middle Income,105,105,2280,5.3,3.2,91.6,338,16,0,84,0,78.1,21.9,0,103,0,0,100,86.4,13.6,0,0,739,3.9,4.2,91.9,25.6,72.3,2.2,0
52,1400000US53033007600,70515,98112,No,Middle Income,112,112,2997,4.2,1.3,94.6,497,0,0.4,99.6,0,46.1,33.2,20.7,70,70,0,30,0,100,0,0,1089,1.8,2.8,95.3,34.1,43.6,15.3,7
53,1400000US53033007700,228882,98112,No,High Income,113,113,3768,2.7,0.1,97.2,1416,3.3,0.2,96.5,0,19.4,52,28.5,226,0,0,100,14.2,35.8,19,31,809,0,0,100,18.8,49.8,25.1,6.3
54,1400000US53033007800,246773,98112,No,High Income,114,114,3172,3.6,2.3,94.2,1590,2.9,1.3,95.8,0,24.9,35.3,39.8,239,0,0,100,0,3.3,62.3,34.3,271,0,12.5,87.5,5.5,33.9,36.9,23.6
55,1400000US53033008002,53047,98101,No,Middle Income,117,117,2602,4.2,5.4,90.4,802,1.2,10.2,88.5,0,78.2,21.8,0,0,-,-,-,-,-,-,-,384,6.8,3.6,89.6,64.6,17.2,15.6,2.6
56,1400000US53033008101,93672,98101,No,Middle Income,120,120,1413,0,2,98,239,0,0,100,33.9,23,23.8,19.2,12,0,0,100,0,100,0,0,290,0,0,100,38.6,49.7,11.7,0
57,1400000US53033008200,243829,98101,No,High Income,122,122,2899,2,2.8,95.1,603,0,0,100,2.8,72,25.2,0,0,-,-,-,-,-,-,-,506,3.6,0,96.4,83,17,0,0
58,1400000US53033008500,87206,98104,No,Middle Income,126,126,1551,4.9,1,94.1,460,4.1,3.3,92.6,3.9,78.7,12.2,5.2,33,0,0,100,0,100,0,0,236,9.3,0,90.7,60.2,39.8,0,0
59,1400000US53033008700,221842,98122,No,High Income,128,128,3190,6.4,4.2,89.4,1262,5.4,3.9,90.7,2.1,61.5,23.7,12.7,251,4,15.9,80.1,3.2,52.6,34.7,9.6,585,3.4,3.4,93.2,13.3,52,15.4,19.3
60,1400000US53033008800,81895,98122,No,Middle Income,129,129,2511,0.4,2.3,97.3,971,0.9,2.5,96.6,1.6,27.9,56.1,14.3,169,0,0,100,0,26,65.7,8.3,717,0,0,100,8.5,50.2,31,10.3
61,1400000US53033008900,51890,98122,No,Middle Income,130,130,3696,2.9,0,97.1,1706,3.3,0,96.7,0,31.5,32.2,36.3,389,0,0,100,0,33.7,35,31.4,467,0,0,100,10.5,31.9,40,17.6
62,1400000US53033009000,84891,98122,No,Middle Income,131,131,2070,6.2,9.7,84.2,692,11.4,4.3,84.2,0,55.3,37,7.7,43,0,86,14,0,86,0,14,611,3.9,18.3,77.7,22.4,43.8,28.8,4.9
63,1400000US53033009100,54583,98104,No,Middle Income,132,132,1432,4.7,15.5,79.7,450,5.3,16,78.7,4.7,86.2,9.1,0,10,100,0,0,0,100,0,0,484,0,23.3,76.7,50,40.9,0,9.1
64,1400000US53033009200,60526,98104,No,Middle Income,133,133,1604,19.6,5.2,75.2,329,6.1,4.6,89.4,13.7,78.1,8.2,0,28,85.7,14.3,0,85.7,0,14.3,0,592,14.5,5.1,80.4,85,15,0,0
65,1400000US53033009300,59663,98104,No,Middle Income,134,134,1932,8.2,3.6,88.2,669,0,3.1,96.9,4.8,51,29.8,14.4,198,0,1.6,98.4,7.4,24.2,19.5,48.9,363,12.4,4.4,83.2,67.1,21.4,5.4,6.1
66,1400000US53033009400,68056,98144,Yes,Middle Income,135,135,4201,2.8,6.5,90.7,1587,7.5,2.6,89.9,4.5,35,32.4,28.1,234,0,0,100,0,41,59,0,1169,0,10.1,89.9,19.5,43.5,25.9,11.1
67,1400000US53033009702,203553,98116,No,High Income,139,139,3060,2.9,1.5,95.6,1482,3,3.1,93.9,0,26.4,36,37.6,125,0,0,100,0,16,72,12,440,0,0,100,6.6,26.6,45.2,21.6
68,1400000US53033009801,93092,98116,No,Middle Income,140,140,1867,1,1.3,97.8,979,1.8,0,98.2,0,19.5,58.1,22.4,147,0,16.3,83.7,0,33.3,20.4,46.3,285,0,0,100,7,33.7,59.3,0
69,1400000US53033009802,243188,98116,No,High Income,141,141,2327,2.1,0,97.9,1195,1.6,0,98.4,0,30.5,39.4,30.1,68,0,0,100,0,27.9,33.8,38.2,341,8.8,0,91.2,18.8,69.8,11.4,0
70,1400000US53033009900,81442,98106,No,Middle Income,142,142,3676,2.1,1.2,96.7,2251,2.5,1.9,95.6,0,36.7,52.6,10.6,183,4.4,0,95.6,0,15.8,84.2,0,599,2.2,0,97.8,31.9,38.9,19.5,9.7
71,1400000US53033010001,77016,98108,No,Middle Income,143,143,1842,9.9,6.8,83.3,840,12.9,10.2,76.9,0,31.5,41,27.5,149,0,0,100,0,18.1,26.2,55.7,383,4.7,10.4,84.9,18.3,33.2,30.5,18
72,1400000US53033010002,71635,98144,Yes,Middle Income,144,144,2948,7,6.5,86.4,1289,2.4,7.2,90.4,0.9,24.1,39.8,35.3,92,0,0,100,0,7.6,33.7,58.7,689,11.6,9.4,79,15,40,28.8,16.2
73,1400000US53033010102,178438,98118,No,High Income,146,146,2791,2.2,1.4,96.4,1145,4.3,0,95.7,0,21.7,36.9,41.4,123,0,0,100,0,52,48,0,331,0,12.1,87.9,16.9,70.1,0,13
74,1400000US53033010200,193875,98118,No,High Income,147,147,2821,1.7,2.1,96.2,1451,2.5,0.5,97,0.6,14.4,49.8,35.1,87,0,0,100,0,19.5,44.8,35.6,477,2.5,1.5,96,5.5,27.5,53.9,13.2
75,1400000US53033010301,55818,98118,No,Middle Income,148,148,2228,4.8,4.4,90.9,1405,6.1,6.9,87,0,23.7,37.4,38.9,87,0,0,100,34.5,0,13.8,51.7,156,6.4,0,93.6,6.4,57.1,30.1,6.4
76,1400000US53033010401,173750,98108,No,High Income,150,150,2287,3.5,1.4,95.1,1392,4.7,0,95.3,0,23.7,38.2,38.1,198,0,2.5,97.5,5.1,35.4,30.8,28.8,364,4.1,7.7,88.2,8.3,32.2,25.1,34.3
77,1400000US53033010502,71080,98116,No,Middle Income,153,153,3958,7,6,87,1507,3.7,6.1,90.2,2.8,48.6,31.9,16.8,184,0,0,100,0,70.1,8.7,21.2,925,0,3.8,96.2,18.8,58.9,9.2,13.1
78,1400000US53033010601,177772,98126,No,High Income,154,154,2925,1.8,0.8,97.4,1323,2,0,98,0,27.1,43.8,29,225,0,0,100,0,12.4,60,27.6,380,0,0,100,10.3,49.2,12.6,27.9
79,1400000US53033010602,84904,98116,No,Middle Income,155,155,2417,6.1,0.7,93.3,1356,2.9,0,97.1,0,26.3,55.8,17.8,16,0,100,0,0,0,0,100,353,30.6,0,69.4,47,26.2,14.2,12.5
80,1400000US53033010701,148864,98106,No,High Income,156,156,2267,2.7,3.1,94.2,1061,0,1.9,98.1,5.8,22.2,48.4,23.6,166,0,8.4,91.6,0,44,44.6,11.4,551,8.3,4,87.7,32.3,18.1,26.7,22.9
81,1400000US53033010702,43125,98126,No,Middle Income,157,157,2130,4.9,12.9,82.2,1119,4.2,12.5,83.3,0,50,34.6,15.4,61,0,0,100,0,23,39.3,37.7,312,15.4,0,84.6,9.3,32.7,34,24
82,1400000US53033010800,53633,98106,No,Middle Income,158,158,2787,5.3,2.6,92,1834,4.6,3.4,92,0,17.9,37.6,44.5,214,11.2,2.3,86.4,2.3,41.6,40.2,15.9,240,11.3,0,88.8,12.5,22.9,38.8,25.8
83,1400000US53033011001,61552,98108,No,Middle Income,160,160,2212,7.6,4.3,88.1,915,5,0.5,94.4,0.8,17.3,51.8,30.1,330,9.7,25.8,64.5,0,20.3,22.7,57,517,3.3,0,96.7,9.9,23.6,37.3,29.2
84,1400000US53033011002,74500,98108,No,Middle Income,161,161,2221,6.4,18.3,75.3,1185,5.3,24.8,69.9,11,13.7,34.2,41.2,204,3.4,38.2,58.3,0,16.2,25.5,58.3,601,1.3,3.2,95.5,3,21,39.9,36.1
85,1400000US53033011101,81250,98118,No,Middle Income,162,162,3194,3.4,5.9,90.6,1622,2.2,0.7,97,0,26.6,42.7,30.8,452,4.2,14.4,81.4,0,25.7,8.4,65.9,698,5.2,11.6,83.2,11.7,37.4,35.7,15.2
86,1400000US53033011102,171458,98118,No,High Income,163,163,2993,1.2,5.2,93.6,1538,0.6,7.4,92,0,23.9,38.3,37.8,373,2.4,0,97.6,0,23.3,55,21.7,539,0,5.4,94.6,10.9,14.5,45.8,28.8
87,1400000US53033011200,62868,98108,No,Middle Income,164,164,2174,12.6,9.6,77.7,1303,9.3,6.9,83.8,4.4,29.5,26.6,39.5,145,18.6,43.4,37.9,18.6,70.3,2.8,8.3,421,20.4,13.3,66.3,33.3,43.2,14.3,9.3
88,1400000US53033011300,61089,98106,No,Middle Income,165,165,3352,2.6,3.2,94.3,1906,2.8,0.7,96.4,0,11.2,52.5,36.3,561,0,10.2,89.8,0,11.1,72.4,16.6,318,5.3,11,83.6,5.3,59.4,19.2,16
89,1400000US53033011401,64911,98106,No,Middle Income,166,166,2987,3.7,3.2,93.1,1426,3.2,1.1,95.7,0.4,25.3,41.3,33,231,0,3,97,0,41.2,23.5,35.4,656,6.6,8.8,84.6,14.2,43.1,9.3,33.4
90,1400000US53033011402,78717,98106,No,Middle Income,167,167,2821,3,3.5,93.5,1563,4.8,3.8,91.4,3.6,31.7,47.3,17.4,373,0,0.8,99.2,0,24.9,3.5,71.6,353,0,10.2,89.8,22.9,25.2,36.8,15
91,1400000US53033011500,84000,98126,No,Middle Income,168,168,2648,2.2,0.7,97.1,1349,4.3,0.8,94.9,0,29.6,46.6,23.8,192,0,0,100,0,75.5,17.2,7.3,461,0,0,100,2,39.3,44.7,14.1
92,1400000US53033011602,186346,98126,No,High Income,170,170,1881,2.2,0,97.8,1071,0.6,0,99.4,0,21.9,54,24.1,90,0,0,100,0,0,54.4,45.6,272,4.8,0,95.2,17.3,44.5,33.5,4.8
93,1400000US53033011700,80536,98108,No,Middle Income,171,171,2760,3.4,4.1,92.4,1602,2.9,0.7,96.4,4.6,16.8,22.1,56.5,322,0,3.7,96.3,0,8.7,32.9,58.4,435,9,7.8,83.2,8.3,31.5,28.3,32
94,1400000US53033011801,88011,98118,No,Middle Income,172,172,1896,3.9,6.1,90.1,1344,3.9,6.5,89.6,2.7,18.2,41,38.1,121,0,22.3,77.7,0,22.3,38.8,38.8,251,8.4,0,91.6,8.4,40.6,40.6,10.4
95,1400000US53033011802,76828,98118,No,Middle Income,173,173,2148,4.5,2.4,93.1,1288,1.8,2.8,95.4,3,28.2,33.9,35,240,0,0,100,5,28.8,37.5,28.8,466,9.4,0,90.6,13.8,27.4,41,17.8
96,1400000US53033011901,195536,98118,No,High Income,174,174,2225,8.4,3.7,87.9,1434,4.7,5.7,89.5,3,9.6,43.5,43.9,511,20.4,0,79.6,0,2.9,9.4,87.7,239,4.2,0,95.8,43.9,7.5,25.5,23
97,1400000US53033011902,58313,98118,No,Middle Income,175,175,1923,8.2,0.1,91.8,1144,7.4,0.1,92.5,0,21.7,43.9,34.4,516,10.7,0,89.3,0,13.8,62.6,23.6,69,0,0,100,0,62.3,31.9,5.8
98,1400000US53033012000,206176,98126,No,High Income,176,176,1839,1.3,0.5,98.2,1056,1,0.2,98.8,0,17.4,54.8,27.8,193,6.7,4.1,89.1,0,15,63.2,21.8,123,0,0,100,0,24.4,37.4,38.2
99,1400000US53033012100,240804,98136,No,High Income,177,177,1246,0,0.5,99.5,780,0,0.8,99.2,0,13.6,42.6,43.8,96,0,0,100,0,0,41.7,58.3,45,0,0,100,0,62.2,0,37.8
100,1400000US53033020100,61985,98177,No,Middle Income,178,178,1411,1.8,1.5,96.7,1085,0,1.9,98.1,0.7,8.8,38.7,51.8,71,19.7,0,80.3,0,47.9,0,52.1,67,0,0,100,0,0,83.6,16.4
101,1400000US53033020200,88269,98133,Yes,Middle Income,179,179,2463,1.9,1.3,96.8,1576,1.1,2,96.9,0,13.6,35.6,50.8,260,7.3,0,92.7,0,8.8,31.9,59.2,155,7.1,0,92.9,0,29,27.7,43.2
102,1400000US53033020301,83269,98133,Yes,Middle Income,180,180,2039,3.7,2.1,94.2,1130,1.9,3.7,94.4,1.2,48.3,40.1,10.4,269,0,0,100,0,52,11.2,36.8,233,15,0,85,0,100,0,0
103,1400000US53033020302,79297,98133,Yes,Middle Income,181,181,1736,5.7,2.6,91.7,916,7,3.3,89.7,3.9,10.9,33.8,51.3,142,0,0,100,0,12.7,23.9,63.4,222,7.7,0,92.3,0,0,54.5,45.5
104,1400000US53033020401,90813,98155,No,Middle Income,182,182,2176,2,2.5,95.5,1536,2.9,2.6,94.5,0,18.8,38.2,43,101,0,0,100,0,17.8,71.3,10.9,187,0,0,100,0,17.6,25.7,56.7
105,1400000US53033020402,91677,98155,No,Middle Income,183,183,2953,3.1,3,93.9,1713,4.9,2.4,92.7,0,22.6,50.7,26.7,212,0,0,100,0,24.1,19.3,56.6,369,0,0,100,0,22.5,38.2,39.3
106,1400000US53033020500,41456,98155,No,Middle Income,184,184,4141,0.4,3,96.6,2655,0.6,4.7,94.7,0,21.3,33.9,44.8,346,0,0,100,0,16.5,41.9,41.6,198,0,0,100,0,40.4,45.5,14.1
107,1400000US53033020600,161292,98133,Yes,High Income,185,185,2094,1.3,0.6,98,1460,0.3,0.6,99,2.7,12.1,31.8,53.4,121,5,0,95,0,0,42.1,57.9,252,0,0,100,7.5,20.2,45.6,26.6
108,1400000US53033020700,88558,98133,Yes,Middle Income,186,186,2308,4.9,2.3,92.8,1217,2.8,2.7,94.5,2.8,25.1,53.1,19.1,288,3.8,0,96.2,0,22.2,72.2,5.6,386,13,5.4,81.6,12.7,29.5,37,20.7
109,1400000US53033020800,191250,98133,Yes,High Income,187,187,2161,3,0.8,96.2,1269,3.3,0.8,95.9,0,10.8,38.1,51.1,79,13.9,0,86.1,0,44.3,36.7,19,270,4.4,2.6,93,6.5,33.8,27,32.7
110,1400000US53033020900,76932,98133,Yes,Middle Income,188,188,1693,4.1,2.6,93.3,1017,5.8,2,92.2,0,20.2,46.7,33.1,104,0,10.6,89.4,0,25,64.4,10.6,357,0.8,3.6,95.5,3.6,26.9,24.6,44.8
111,1400000US53033021000,147237,98133,Yes,High Income,189,189,3048,3.1,0.9,96,2004,0.9,1.4,97.7,1.4,14.2,51.5,32.8,257,13.6,0,86.4,0,8.2,34.2,57.6,410,10.2,0,89.8,7.6,26.8,57.6,8
112,1400000US53033021100,179257,98155,No,High Income,190,190,2504,2.2,4.3,93.5,1418,1.4,6.3,92.3,0,22.6,30,47.5,144,0,9.7,90.3,0,4.2,43.8,52.1,261,5,1.5,93.5,0,15.1,55,29.9
113,1400000US53033021300,61836,98155,No,Middle Income,191,191,2378,3.9,2.3,93.8,1377,6.8,1.5,91.8,1.4,22.5,50.6,25.5,180,0,0,100,0,20.6,68.3,11.1,347,0,3.7,96.3,0,63.7,36.3,0
114,1400000US53033021400,181944,98155,No,High Income,192,192,2099,0.3,0,99.7,1286,0.5,0,99.5,0,9.8,42.2,48,242,0,0,100,0,40.5,31.8,27.7,112,0,0,100,0,33,67,0
115,1400000US53033021500,201786,98028,No,High Income,193,193,2578,2.4,1.6,96,1567,0.8,0,99.2,0,4.5,42.6,52.9,157,0,5.1,94.9,0,3.2,87.3,9.6,278,11.9,11.9,76.3,0,5.4,39.9,54.7
116,1400000US53033021600,60459,98028,No,Middle Income,194,194,2678,3.3,1,95.7,1677,4.8,0.5,94.8,0.9,12,52.5,34.6,156,5.1,0,94.9,10.9,12.2,50,26.9,260,0,0,100,8.8,28.8,45,17.3
117,1400000US53033021701,218971,98011,No,High Income,195,195,2414,1.1,2.2,96.7,1385,0,0,100,8.5,13.3,57.8,20.4,170,0,0,100,0,31.8,27.6,40.6,217,0,14.3,85.7,5.5,24.9,63.6,6
118,1400000US53033021702,74531,98011,No,Middle Income,196,196,2710,1.7,2.1,96.2,1369,1.8,0,98.2,3.3,17.2,39.3,40.2,324,0,0,100,7.7,0,61.1,31.2,490,0,7.8,92.2,30.2,29.6,31.8,8.4
119,1400000US53033021802,163712,98011,No,High Income,197,197,3596,2,1.4,96.6,2413,1.4,2.1,96.5,0.6,10.3,50.8,38.3,467,0,0,100,0,39.2,39.6,21.2,131,0,0,100,5.3,9.9,45.8,38.9
120,1400000US53033021803,159375,98011,No,High Income,198,198,3163,1.6,1.2,97.2,1963,0.5,0.6,98.9,0.6,21.5,42.5,35.4,124,0,0,100,0,0,83.9,16.1,161,0,0,100,28,13,50.3,8.7
121,1400000US53033021804,25473,98011,No,Low Income,199,199,2766,3.4,3.7,92.8,1790,5.4,5.3,89.3,4.9,26.6,46.6,21.9,300,0,0,100,18.3,13.7,18.7,49.3,202,0,0,100,6,41,43.5,9.5
122,1400000US53033021903,83702,98034,Yes,Middle Income,200,200,3172,2.5,2.9,94.6,2057,2.1,4.5,93.4,1.1,11.6,56,31.4,190,8.9,0,91.1,0,50.5,41.6,7.9,286,0,0,100,6.7,55.5,32.9,4.9
123,1400000US53033021904,164063,98034,Yes,High Income,201,201,2967,3,2.6,94.4,1821,3.2,1.5,95.3,0,10.7,53.2,36.1,214,2.8,23.4,73.8,0,13.5,37.5,49,146,0,0,100,0,42.9,35.3,21.8
124,1400000US53033021905,70690,98011,No,Middle Income,202,202,2803,1.5,4.7,93.8,1706,2.5,5.7,91.7,5.3,18.9,45.8,30,318,0,10.4,89.6,0,34.6,55.7,9.7,167,0,0,100,28.7,56.3,6.6,8.4
125,1400000US53033021906,173438,98034,Yes,High Income,203,203,2680,2.6,2.5,94.9,1771,2.8,3.8,93.5,0.7,21.1,51,27.2,241,3.3,0,96.7,6.6,22.4,41.1,29.9,168,5.4,0,94.6,14.9,44,37.5,3.6
126,1400000US53033022001,215077,98011,No,High Income,204,204,2795,2.6,0,97.4,1662,3.4,0,96.6,1.6,11.7,55.9,30.8,269,5.9,0,94.1,0,14.1,39,46.8,173,0,0,100,0,45.1,11,43.9
127,1400000US53033022003,138750,98034,Yes,High Income,205,205,2900,3.2,2.1,94.7,1656,0,2.8,97.2,0.4,12.4,43.1,44.1,230,0,0,100,0,35.2,54.3,10.4,357,18.5,1.4,80.1,0,19,30.1,50.9
128,1400000US53033022005,88493,98034,Yes,Middle Income,206,206,2581,9,0.9,90.1,1585,5.4,1.5,93.1,0,27.3,50,22.8,225,20.4,0,79.6,0,19.1,80.9,0,197,0,0,100,0,26.9,73.1,0
129,1400000US53033022006,211375,98033,Yes,High Income,207,207,2584,2.1,4.9,93,1596,3.4,7.9,88.7,1.2,21.1,29.6,48.1,115,0,0,100,0,46.1,53.9,0,161,0,0,100,41.9,28.8,29.4,0
130,1400000US53033022101,193333,98028,No,High Income,208,208,2706,1.1,0.7,98.3,1504,0,1.2,98.8,2.1,10.8,49.7,37.5,229,0,0,100,0,14.4,53.7,31.9,230,0,0,100,6.5,13,53.5,27
131,1400000US53033022102,206333,98011,No,High Income,209,209,3689,0,2.3,97.7,2317,0,2.4,97.6,2.5,6.9,49.8,40.7,463,0,0,100,0,26.6,63.3,10.2,87,0,0,100,0,0,42.5,57.5
132,1400000US53033022201,196607,98034,Yes,High Income,210,210,2642,1.4,2.8,95.8,1767,0.3,2.7,97,0.5,10.2,45.7,43.6,240,0,0,100,0,9.2,30.4,60.4,125,0,21.6,78.4,11.2,27.2,21.6,40
133,1400000US53033022203,168029,98034,Yes,High Income,211,211,2748,0.9,10,89.1,1791,0,14.6,85.4,0.4,1.8,67.2,30.6,172,0,0,100,4.1,38.4,57.6,0,134,0,0,100,0,12.7,56,31.3
134,1400000US53033022204,190658,98034,Yes,High Income,212,212,1742,6.9,4.9,88.2,1009,6.1,0,93.9,0.8,15.6,49.2,34.5,249,0,33.7,66.3,0,73.9,20.9,5.2,86,0,0,100,0,41.9,37.2,20.9
135,1400000US53033022205,95208,98034,Yes,Middle Income,213,213,2386,2.8,1.2,96,1448,3.7,0,96.3,3.2,40.5,46.8,9.4,93,14,0,86,0,57,24.7,18.3,222,0,0,100,0,45.9,47.3,6.8
136,1400000US53033022501,91705,98033,Yes,Middle Income,217,217,2270,7.4,0.7,92,1613,4.6,0,95.4,0.9,11.2,52,35.9,54,0,0,100,0,61.1,38.9,0,161,8.7,9.3,82,14.9,58.4,26.7,0
137,1400000US53033022502,30543,98033,Yes,Low Income,218,218,2061,4.1,0,95.9,1442,4.4,0,95.6,1.5,44.4,48.2,5.9,17,0,0,100,0,0,100,0,239,0,0,100,5,67.8,27.2,0
138,1400000US53033022603,202021,98033,Yes,High Income,219,219,3794,2,3.5,94.5,2169,3.6,2.3,94.2,1.6,24.6,46.6,27.3,319,0,5,95,0,12.5,78.4,9.1,141,0,0,100,13.5,27,46.1,13.5
139,1400000US53033022604,165573,98033,Yes,High Income,220,220,2345,1.4,0.7,97.9,1561,1.3,0,98.7,0.5,17.9,43.7,37.9,100,12,0,88,0,23,42,35,155,0,0,100,0,15.7,34,50.3
140,1400000US53033022605,173875,98033,Yes,High Income,221,221,4362,6.3,0.7,93.1,2514,3.9,1.2,94.9,1.1,26.1,52.7,20.1,463,6.5,0,93.5,6.3,41.5,22,30.2,489,7.2,0,92.8,15.8,29.9,51.8,2.5
141,1400000US53033022606,190852,98033,Yes,High Income,222,222,3182,0,1.5,98.5,1625,0,0.7,99.3,0.9,24.6,43.3,31.2,331,0,0,100,0,35.3,35.3,29.3,351,0,0,100,0,55,41.3,3.7
142,1400000US53033022701,201339,98033,Yes,High Income,223,223,2091,3.1,2.8,94.1,1152,1.3,2.1,96.6,0,33.6,48.5,17.9,87,23,0,77,0,24.1,67.8,8,208,0,0,100,8.2,42.3,44.7,4.8
143,1400000US53033022803,36840,98007,Yes,Low Income,227,227,4077,6.8,1.9,91.3,1811,3.6,0,96.4,1.8,52.1,28.6,17.5,329,4.6,18.5,76.9,5.2,84.5,10.3,0,519,11.8,0,88.2,7.5,74.6,15,2.9
144,1400000US53033022804,80680,98005,No,Middle Income,228,228,3255,4.8,3.5,91.6,1474,3,2.2,94.8,0.9,58.5,23.9,16.7,253,0,0,100,6.7,54.2,27.7,11.5,294,0,5.8,94.2,5.8,79.6,14.6,0
145,1400000US53033022805,82101,98005,No,Middle Income,229,229,1974,0.7,0,99.3,1150,0,0,100,0,46.7,31,22.3,185,0,0,100,22.7,38.9,10.3,28.1,175,0,0,100,8.6,72.6,9.7,9.1
146,1400000US53033022901,210156,98007,Yes,High Income,230,230,1279,0.6,5.6,93.7,637,0,11.3,88.7,0,17.1,51.5,31.4,183,0,0,100,0,14.2,58.5,27.3,156,0,0,100,0,36.5,53.2,10.3
147,1400000US53033022902,244205,98052,Yes,High Income,231,231,3192,2.7,1.5,95.8,1681,2.2,1.1,96.7,6.3,20,58.6,15.1,343,14.6,8.5,77,0,60.9,20.1,19,165,0,0,100,0,63.6,27.3,9.1
148,1400000US53033023000,200750,98007,Yes,High Income,232,232,3743,1.7,0.1,98.2,1886,0.4,0,99.6,1.4,20.3,40.1,38.1,368,0,0,100,0,25.3,56.5,18.2,156,19.9,0,80.1,14.5,25.5,8.3,51.7
149,1400000US53033023100,169423,98008,No,High Income,233,233,2004,3.1,1.4,95.5,1224,2.1,0.6,97.3,0,14.4,45.3,40.3,108,20.4,0,79.6,0,11.1,64.8,24.1,68,0,0,100,0,26.5,48.5,25
150,1400000US53033023201,49943,98007,Yes,Middle Income,234,234,2690,3,0.9,96.1,1277,3.4,1.9,94.8,1.4,55.1,31.6,11.9,90,0,0,100,0,80,0,20,342,3.2,0,96.8,11.1,63.7,14.6,10.5
151,1400000US53033023202,79559,98008,No,Middle Income,235,235,2096,5.5,8.8,85.7,1183,3,12.6,84.4,0,31.9,34.8,33.3,170,11.8,20.6,67.6,0,19.1,52.2,28.7,192,20.3,0,79.7,12,38.5,49.5,0
152,1400000US53033023300,239511,98007,Yes,High Income,236,236,3691,6.6,0.5,93,1939,6.1,0.9,93,0,13.9,53.9,32.2,873,12.3,0,87.7,0,20.6,43.6,35.7,185,9.7,0,90.3,0,22.2,70.8,7
153,1400000US53033023401,165179,98005,No,High Income,237,237,1982,3.8,2.2,94,1136,2.6,3.2,94.3,2.2,17.3,62.3,18.2,96,0,0,100,14.6,45.8,0,39.6,198,5.1,0,94.9,5.6,38.4,50,6.1
154,1400000US53033023403,218906,98007,Yes,High Income,238,238,2036,3.1,1.3,95.6,1027,0.8,0,99.2,0,9.2,44.7,46.2,224,3.1,0,96.9,0,17,40.6,42.4,149,24.2,0,75.8,0,23,13.3,63.7
155,1400000US53033023404,230625,98027,Yes,High Income,239,239,1807,0.7,0.9,98.5,1136,1.1,0,98.9,0,7,56.7,36.3,156,0,0,100,0,7.1,78.2,14.7,146,0,11,89,0,0,87,13
156,1400000US53033023500,194688,98005,No,High Income,240,240,2110,3,1.2,95.8,1193,3.4,2.2,94.4,0.8,16.7,43.4,39.1,197,7.1,0,92.9,0,39.6,56.9,3.6,218,0,0,100,0,35.3,42.2,22.5
157,1400000US53033023601,215804,98004,No,High Income,241,241,2600,2.1,1.3,96.6,1647,3.3,2,94.7,1.1,25.6,40.8,32.5,210,0,0,100,4.3,29.5,18.6,47.6,208,0,0,100,0,88,12,0
158,1400000US53033023603,177158,98005,No,High Income,242,242,3555,7.1,3.1,89.8,1370,3.6,1.5,94.8,2.4,47.5,46.7,3.4,828,20.5,2.1,77.4,19.6,20.4,49.4,10.6,524,0,0,100,44.8,25.4,29.8,0
159,1400000US53033023604,180125,98005,No,High Income,243,243,3049,6.4,4.7,88.9,1616,2.8,7.9,89.3,5.1,22.6,51.7,20.7,227,24.2,6.2,69.6,0,38.8,59.5,1.8,347,8.9,0,91.1,13.3,34.8,13.3,38.6
160,1400000US53033023701,225329,98004,No,High Income,244,244,2598,0.9,0.4,98.7,1712,0,0.6,99.4,2.4,21.9,52.6,23.1,114,0,0,100,0,25.4,67.5,7,213,4.2,0,95.8,0,21.6,54.5,23.9
161,1400000US53033023801,248958,98004,No,High Income,246,246,2045,1.9,2.1,96,793,1.1,0,98.9,1.4,50.8,39,8.8,346,0,4.9,95.1,0,40.2,50.3,9.5,244,0,0,100,11.5,32.8,39.8,16
162,1400000US53033023806,49977,98004,No,Middle Income,248,248,2208,5.2,0.7,94.1,623,0,0,100,17.3,63.4,12.2,7.1,93,0,0,100,0,22.6,17.2,60.2,363,6.9,4.1,89,32.2,49,18.7,0
163,1400000US53033023807,194922,98004,No,High Income,249,249,3623,2.7,0.9,96.4,1328,4.5,2.4,93.1,6.9,69.5,19.6,4,251,7.2,0,92.8,7.2,45.8,47,0,524,0,0,100,48.9,36.4,10.5,4.2
164,1400000US53033023808,75925,98004,No,Middle Income,250,250,1894,0.7,0,99.3,787,0,0,100,0,38.1,61.9,0,31,0,0,100,0,100,0,0,309,4.2,0,95.8,75.1,24.9,0,0
165,1400000US53033023901,249732,98004,No,High Income,251,251,2266,4.1,2.5,93.4,1121,8.3,2,89.7,1.9,8.1,65.3,24.7,245,0,0,100,22,18,39.6,20.4,201,0,17.4,82.6,26.9,33.8,24.4,14.9
166,1400000US53033024002,178917,98004,No,High Income,254,254,1754,3.1,1.6,95.3,876,3.4,1.6,95,0,25.1,45.9,29.1,203,9.4,0,90.6,0,12.3,78.3,9.4,88,3.4,0,96.6,0,59.8,40.2,0
167,1400000US53033024400,64861,98040,No,Middle Income,259,259,1226,3.8,2.9,93.2,660,5.5,5.5,89.1,4.2,27.1,52.9,15.8,31,35.5,0,64.5,0,32.3,54.8,12.9,194,0,0,100,10.3,20.1,66,3.6
168,1400000US53033024701,89375,98006,No,Middle Income,263,263,1717,2.9,0.6,96.6,1021,2,0,98,0,18.9,42.9,38.2,174,0,5.7,94.3,0,10.3,42.5,47.1,117,0,0,100,26.5,22.2,51.3,0
169,1400000US53033024704,183802,98006,No,High Income,265,265,1916,0.6,0,99.4,1210,0,0,100,0,15.5,46.7,37.9,75,0,0,100,0,0,41.3,58.7,103,0,0,100,0,0,95.1,4.9
170,1400000US53033024800,69239,98006,No,Middle Income,266,266,3419,4.9,3.7,91.4,1884,4.4,1.9,93.7,0,18.4,37,44.6,383,16.4,0,83.6,5.7,36.8,41,16.4,353,2.8,13.6,83.6,17.8,34.8,19.5,27.8
171,1400000US53033025001,174375,98006,No,High Income,271,271,2798,3.1,5.4,91.6,1712,4.2,8.4,87.4,0,14.2,49.7,36.1,239,0,0,100,0,27.6,14.6,57.7,142,0,4.9,95.1,0,12,42.3,45.8
172,1400000US53033025007,230917,98006,No,High Income,274,274,2709,1.2,3,95.8,1699,1.9,4.8,93.3,0,15.4,44.4,40.2,266,0,0,100,0,12.4,37.6,50,230,0,0,100,0,15.2,38.7,46.1
173,1400000US53033025101,74090,98059,No,Middle Income,276,276,3649,6.1,2.4,91.5,2618,7.6,0,92.4,2.8,10.5,49.5,37.2,300,0,29.3,70.7,0,11.3,56.7,32,153,14.4,0,85.6,0,40.5,33.3,26.1
174,1400000US53033025103,16152,98059,No,Low Income,277,277,2627,2.6,4,93.4,1712,1.4,3.4,95.2,0.8,24.9,34.2,40.1,404,10.6,3.7,85.6,0,30,22.8,47.3,126,0,0,100,0,34.5,41.2,24.4
175,1400000US53033025104,200125,98059,No,High Income,278,278,1960,1.7,3.5,94.8,1512,0,4.5,95.5,1.7,11.8,46.2,40.3,91,0,0,100,0,0,13.2,86.8,43,0,0,100,0,0,76.7,23.3
176,1400000US53033025201,86036,98056,No,Middle Income,279,279,2004,3.3,0.6,96.1,1390,4.7,0,95.3,0,25.3,30.4,44.2,302,0,0,100,0,52.6,31.5,15.9,59,0,0,100,0,0,78,22
177,1400000US53033025202,45568,98056,No,Middle Income,280,280,2657,0.3,1.7,98,1603,0,2,98,0,5.2,55.6,39.1,534,0,2.4,97.6,12.2,8.2,49.4,30.1,143,5.6,0,94.4,0,14.4,38.6,47
178,1400000US53033025302,58295,98056,No,Middle Income,281,281,2176,8.3,5.8,85.9,1400,8.9,7.1,84,5.1,45.4,36.7,12.9,119,1.7,10.1,88.2,0,78.6,21.4,0,223,0,0,100,26.9,39.5,33.6,0
179,1400000US53033025401,78295,98056,No,Middle Income,284,284,2043,0.7,10.7,88.6,1234,1.1,9.6,89.2,2.8,29.8,37.2,30.1,246,0,22.4,77.6,4.9,55.3,33.7,6.1,99,0,28.3,71.7,0,44.4,55.6,0
180,1400000US53033025402,84778,98056,No,Middle Income,285,285,1995,1.1,0.7,98.2,1347,1.6,0,98.4,0,18.1,57.4,24.5,325,0,4,96,0,47.7,7.4,44.9,142,0,0,100,0,46.5,28.2,25.4
181,1400000US53033025500,70625,98056,No,Middle Income,286,286,2733,5.2,2.9,91.9,1586,5.4,1.3,93.4,0.6,21.8,41.7,35.9,290,5.2,9,85.9,0,18.6,42.8,38.6,162,0,12.3,87.7,12.3,50,16.7,21
182,1400000US53033025601,71250,98056,No,Middle Income,287,287,2813,0.4,5.7,94,2096,0.5,7.6,91.9,3.1,17.3,38.8,40.8,198,0,0,100,0,12.1,11.6,76.3,116,0,0,100,0,35.3,64.7,0
183,1400000US53033025602,177604,98058,No,High Income,288,288,3615,0.7,2,97.3,2327,1.2,1.8,97,0,6,43.3,50.7,384,0,7.6,92.4,0,2.9,41.7,55.5,124,0,0,100,0,45.2,42.7,12.1
184,1400000US53033025702,173750,98058,No,High Income,289,289,1803,0.7,1.9,97.4,1342,0.9,2.6,96.5,2.9,4.8,43.4,48.9,172,0,0,100,0,0,50.6,49.4,45,0,0,100,0,57.8,0,42.2
185,1400000US53033025703,70735,98055,No,Middle Income,290,290,2163,16.6,6,77.4,1750,19.2,6.5,74.3,13.7,24.7,47.5,14.1,207,6.8,0,93.2,13,34.8,14,38.2,87,0,9.2,90.8,36.8,54,9.2,0
186,1400000US53033025704,42439,98055,No,Middle Income,291,291,1759,1,8.1,90.9,1024,0.1,0,99.9,0,21.4,31.8,46.8,109,0,0,100,0,51.4,26.6,22,179,8.9,0,91.1,17.9,31.8,50.3,0
187,1400000US53033025803,56750,98058,No,Middle Income,292,292,2493,5,7.3,87.7,1353,4.7,4.1,91.2,3.3,24.6,23.1,49,601,0,15.1,84.9,0,43.6,19.5,36.9,211,17.1,0,82.9,25.1,42.2,5.2,27.5
188,1400000US53033025804,83583,98058,No,Middle Income,293,293,1983,2.1,1.9,96,1556,1.4,2.4,96.1,1.9,4.7,45.1,48.3,118,1.7,0,98.3,0,0,44,56,28,35.7,0,64.3,0,0,28.6,71.4
189,1400000US53033025805,83281,98055,No,Middle Income,294,294,3239,2.9,2.1,95,2116,3.9,1.9,94.2,4.1,25.4,49.6,20.9,244,0,4.5,95.5,0,11.5,73,15.6,278,4,6.1,89.9,23,20.9,50.7,5.4
190,1400000US53033025806,78929,98055,No,Middle Income,295,295,2425,2.2,4.1,93.7,1751,2.4,5.3,92.3,0,21.3,41.2,37.5,241,4.6,1.7,93.8,4.1,44.8,30.7,20.3,201,0,0,100,5.5,20.9,46.8,26.9
191,1400000US53033026001,158676,98178,No,High Income,296,296,2907,5,2.1,92.9,1934,5.5,3.1,91.5,0,17.5,43.9,38.6,363,0,0,100,0,6.9,48.2,44.9,133,14.3,2.3,83.5,0,32.3,51.9,15.8
192,1400000US53033026003,58958,98057,Yes,Middle Income,297,297,1728,6.7,11.1,82.3,1178,4.1,10,85.9,3.6,31.9,42.9,21.6,165,40.6,0.6,58.8,44.2,50.9,4.8,0,175,0,25.1,74.9,46.3,18.3,17.1,18.3
193,1400000US53033026004,54432,98057,Yes,Middle Income,298,298,2229,3.8,1.6,94.6,1320,6.4,2.5,91.1,0,14,51.4,34.6,418,0,0,100,0,13.4,9.1,77.5,137,0,0,100,0,0,44.5,55.5
194,1400000US53033026101,94929,98178,No,Middle Income,299,299,2423,6.6,0.6,92.8,1272,4.7,1.1,94.2,4.4,33.5,38.8,23.3,154,0,0,100,0,0,74,26,544,18.4,0,81.6,9.4,18.2,19.3,53.1
195,1400000US53033026102,63792,98178,No,Middle Income,300,300,1844,7.7,11.9,80.4,1216,2.1,5.4,92.5,6.2,12.8,49.3,31.7,198,0,58.1,41.9,0,71.7,28.3,0,231,22.5,16.9,60.6,14.7,17.7,59.7,7.8
196,1400000US53033026200,69508,98057,Yes,Middle Income,301,301,4084,0.2,5.2,94.6,2955,0,3.2,96.8,1.2,29.2,31.8,37.9,461,0,16.5,83.5,3.5,26.9,57.3,12.4,363,2.8,10.2,87.1,17.6,35,36.9,10.5
197,1400000US53033026300,69282,98168,No,Middle Income,302,302,658,4.6,2,93.5,418,2.6,2.4,95,1.7,13.9,49.3,35.2,161,11.8,1.9,86.3,0,7.5,29.8,62.7,35,0,0,100,0,54.3,31.4,14.3
198,1400000US53033026400,66782,98108,No,Middle Income,303,303,2988,4.5,6.2,89.3,2104,2.1,7.7,90.3,12.5,25.7,46,15.8,322,27.6,2.5,69.9,5.3,24.6,47,23.1,291,0,5.8,94.2,10.3,20,49.3,20.3
199,1400000US53033026500,62614,98106,No,Middle Income,304,304,2022,12.1,4.8,83.1,1199,15.5,7.3,77.2,2.7,30.9,28.7,37.7,320,0,3.1,96.9,0,5,58.8,36.3,230,7,0,93,12.2,31.3,33,23.5
200,1400000US53033026700,64714,98146,No,Middle Income,306,306,2592,6.9,0,93.1,1757,7.7,0,92.3,0,8.9,49.3,41.7,208,0,0,100,0,40.9,59.1,0,227,0,0,100,16.7,17.6,59.5,6.2
201,1400000US53033026801,65980,98146,No,Middle Income,307,307,3319,4.9,16,79.1,2160,6.6,18.1,75.3,0.6,17.4,32.4,49.7,562,2.5,14.2,83.3,2.8,26.5,26.3,44.3,396,1.8,11.6,86.6,31.6,6.1,32.1,30.3
202,1400000US53033026802,61500,98146,No,Middle Income,308,308,3435,7.2,3.5,89.3,2486,3.5,4.5,92,0.3,10.8,40.1,48.8,490,27.6,0,72.4,0,8.8,59.6,31.6,230,11.7,0,88.3,15.9,3.5,50,30.5
203,1400000US53033027000,79880,98168,No,Middle Income,309,309,1920,4.3,1.5,94.3,1155,5.1,1.3,93.6,0,16.5,30.4,53.1,328,7,1.5,91.5,0.9,38.4,14.6,46,131,0,0,100,22.1,27.5,4.6,45.8
204,1400000US53033027100,68750,98168,No,Middle Income,310,310,1820,7.7,7.6,84.7,1171,1.5,8.6,89.8,1.2,18.6,37.2,43,201,0,0,100,14.4,5.5,39.3,40.8,238,19.3,16,64.7,20.5,16.7,29.9,32.9
205,1400000US53033027200,45375,98168,No,Middle Income,311,311,1348,7.9,2.7,89.4,987,8,2.7,89.3,0.6,17.9,26.8,54.6,174,8.6,2.9,88.5,2.3,31,24.1,42.5,108,12,3.7,84.3,12.3,8.5,17,62.3
206,1400000US53033027300,83477,98168,No,Middle Income,312,312,3167,6.7,2.9,90.4,2196,5,3.8,91.2,1.9,20.2,32.2,45.7,500,11.4,1.6,87,1.2,26.8,33,39,267,5.6,0,94.4,12,33,8.2,46.8
207,1400000US53033027400,88661,98168,No,Middle Income,313,313,2804,2,5,93,2007,0.8,5.7,93.5,1.3,9.5,26.3,62.9,381,0,2.4,97.6,0,4.7,43.8,51.4,165,0,0,100,15.2,47.9,15.2,21.8
208,1400000US53033027500,78333,98146,No,Middle Income,314,314,2485,5.4,1,93.6,1492,8.5,1.6,89.9,0,16.7,42,41.4,285,0,0,100,0,0,54.7,45.3,299,0,0,100,15.7,5.7,41.8,36.8
209,1400000US53033027600,82953,98146,No,Middle Income,315,315,2333,5.3,4.1,90.6,1401,5.6,3.6,90.8,0,25.1,48.1,26.7,471,4.5,3.8,91.7,0,18.9,38.1,43,99,14.1,27.3,58.6,14.1,34.3,16.2,35.4
210,1400000US53033027701,84821,98070,No,Middle Income,316,316,2657,8.1,3.9,88,1142,1,4.2,94.8,0,13.9,22.5,63.6,120,0,6.7,93.3,0,11.7,6.7,81.7,226,0,0,100,0,5.3,35.8,58.8
211,1400000US53033027702,65823,98070,No,Middle Income,317,317,2388,3.1,1.3,95.6,1132,5.5,1.5,93,1.2,16.3,29.1,53.4,241,0,0,100,0,41.1,30.7,28.2,307,3.9,0,96.1,4.6,30,41.4,24.1
212,1400000US53033027800,233485,98166,Yes,High Income,318,318,1552,0.8,1.4,97.8,895,1.5,0,98.5,2.7,9.1,39,49.3,138,0,0,100,15.9,6.5,49.3,28.3,70,0,0,100,0,40,37.1,22.9
213,1400000US53033027901,66738,98166,Yes,Middle Income,319,319,2240,7.8,0,92.2,1475,9.4,0,90.6,3.5,27.5,28.1,40.9,197,0,0,100,22.8,53.3,15.2,8.6,166,22.3,0,77.7,0,45.2,50,4.8
214,1400000US53033027902,64052,98166,Yes,Middle Income,320,320,2155,3.7,6.9,89.4,1146,1.3,10,88.7,2.2,40.8,34.6,22.4,307,0,0,100,0,17.9,21.2,60.9,263,0,6.8,93.2,0,59.7,33.8,6.5
215,1400000US53033028000,73578,98148,No,Middle Income,321,321,2176,4.7,6.5,88.8,1316,5.1,5.9,89,0.8,22.4,45.2,31.5,324,10.5,16.4,73.1,0,44.7,26.7,28.6,372,0.5,0,99.5,4.3,77.6,17.8,0.3
216,1400000US53033028100,63167,98168,No,Middle Income,322,322,1601,2.7,8,89.3,874,3.3,5.4,91.3,1.7,32.3,17.8,48.2,424,1.4,7.8,90.8,1.4,23.1,5.4,70,144,5.6,13.9,80.6,20.8,31.3,19.4,28.5
217,1400000US53033028200,57625,98168,No,Middle Income,323,323,3014,5.9,5.8,88.3,1782,4.3,2.2,93.5,2.7,31.5,27.2,38.6,136,0,14,86,0,17.6,63.2,19.1,446,10.3,0.7,89,46.4,21.5,29.4,2.7
218,1400000US53033028300,195158,98032,Yes,High Income,324,324,3342,2,0.8,97.2,2269,1.5,0.6,97.9,2.2,17.8,33.7,46.3,332,3.3,0,96.7,0,8.4,36.1,55.4,261,5.7,5,89.3,0,9.2,55.6,35.2
219,1400000US53033028402,72974,98148,No,Middle Income,325,325,2816,4.8,5.4,89.8,1827,4.9,2.8,92.3,0.9,22.1,29.2,47.8,197,4.1,0,95.9,0,15.7,28.4,55.8,372,0,8.6,91.4,9.9,0,47.8,42.2
220,1400000US53033028403,63682,98188,No,Middle Income,326,326,2633,6.6,1.3,92.1,1702,7.4,1,91.6,2.5,26.1,42,29.4,262,0,6.5,93.5,0,42.4,35.1,22.5,199,24.6,0,75.4,0,46.2,0,53.8
221,1400000US53033028500,77500,98148,No,Middle Income,327,327,2522,5.2,0.3,94.5,1584,4.6,0,95.4,1.8,11.9,37.2,49.1,396,0,1.8,98.2,0,21.7,36.4,41.9,276,11.6,0,88.4,21,27.2,23.6,28.3
222,1400000US53033028700,141944,98148,No,High Income,329,329,2648,3.6,0.6,95.8,1934,3.4,0.6,96,0,5.9,33.8,60.3,200,14.5,2.5,83,0,14,15,71,189,0,0,100,0,15.3,51.3,33.3
223,1400000US53033028801,71538,98148,No,Middle Income,330,330,1225,1,3.3,95.8,911,1.3,0.7,98,0,13.9,32.6,53.5,30,0,56.7,43.3,0,0,76.7,23.3,142,0,12,88,12.7,9.2,32.4,45.8
224,1400000US53033028802,81607,98188,No,Middle Income,331,331,3423,8.3,2.9,88.8,2021,3.9,4.9,91.2,1.1,24.6,43.1,31.2,627,17.2,0,82.8,0,13.7,63.5,22.8,438,22.4,0,77.6,25.6,35.2,4.1,35.2
225,1400000US53033028901,86127,98198,No,Middle Income,332,332,1703,1.8,4.1,94.1,1284,2.4,4.1,93.5,0.8,29.1,35.8,34.3,124,0,7.3,92.7,0,15.3,59.7,25,81,0,0,100,0,79,9.9,11.1
226,1400000US53033028902,52273,98198,No,Middle Income,333,333,3377,12.6,17,70.4,2219,11.3,16.5,72.2,1,32.2,33.3,33.5,572,6.5,36.4,57.2,15.2,15.6,17,52.3,356,38.5,0,61.5,5.3,63.8,11.8,19.1
227,1400000US53033029001,80871,98198,No,Middle Income,334,334,1821,4.2,3.7,92.1,1400,5.4,4.2,90.4,0.4,18.8,30.7,50.1,135,0,0,100,0,34.8,13.3,51.9,53,0,0,100,0,7.5,50.9,41.5
228,1400000US53033029003,64260,98032,Yes,Middle Income,335,335,2970,4.8,6,89.2,2350,4.1,7.6,88.3,3.1,15.7,46.8,34.4,234,19.7,0,80.3,0,58.5,17.1,24.4,165,0,0,100,37.6,23,39.4,0
229,1400000US53033029004,50500,98032,Yes,Middle Income,336,336,1851,10.3,14.7,75,1210,9.3,16.1,74.5,0,29.8,27.6,42.6,392,10.5,9.7,79.8,0,26.5,27.3,46.2,168,21.4,6,72.6,24.4,36.3,18.5,20.8
230,1400000US53033029101,86902,98032,Yes,Middle Income,337,337,1794,2.6,4.2,93.2,1287,1.2,5.3,93.6,5,22.4,42.4,30.2,90,0,0,100,0,30,31.1,38.9,125,0,0,100,4.8,20,34.4,40.8
231,1400000US53033029102,89038,98032,Yes,Middle Income,338,338,2422,9,7,84.1,1706,7.4,9.2,83.4,2.3,18.1,18.8,60.9,311,22.5,0,77.5,0,0,30.9,69.1,199,3,0,97,0,21.5,22,56.5
232,1400000US53033029203,75162,98030,No,Middle Income,339,339,1719,6.3,6.5,87.2,1029,8.4,5.5,86.1,4.5,23.9,45.4,26.2,229,0,17.9,82.1,8.7,34.9,24.5,31.9,358,6.4,0,93.6,34.4,25.7,36.6,3.4
233,1400000US53033029205,73750,98032,Yes,Middle Income,340,340,2906,5.7,10.4,83.9,1786,0,13,87,0.6,27.8,55.7,15.9,424,16.7,9.4,73.8,0,40.8,25.2,34,352,0,0,100,27.6,32.7,35.2,4.5
234,1400000US53033029206,55968,98031,No,Middle Income,341,341,2014,13.2,8.6,78.2,1354,13.7,10.3,75.9,7,27,57.8,8.1,228,35.1,0,64.9,7.9,28.5,45.6,18,218,0,15.6,84.4,17,72.9,0,10.1
235,1400000US53033029208,82000,98031,No,Middle Income,343,343,2592,6.8,4.4,88.8,1572,2.1,7.3,90.6,2.7,23.3,48.6,25.4,399,8.3,0,91.7,19.3,32.1,34.6,14,452,20.1,0,79.9,31,56.4,7.7,4.9
236,1400000US53033029304,142500,98058,No,High Income,344,344,2816,3,3.6,93.4,1941,3.1,4.7,92.1,3.9,15.9,41.3,38.8,314,6.1,2.5,91.4,0,11.5,44.6,43.9,52,9.6,0,90.4,11.5,0,32.7,55.8
237,1400000US53033029305,73611,98031,No,Middle Income,345,345,2168,1.2,2.5,96.3,1331,1.4,1.3,97.4,0,5.3,31,63.7,397,0,2.8,97.2,0,2.3,18.6,79.1,105,4.8,24.8,70.5,0,14.3,42.9,42.9
238,1400000US53033029306,152500,98031,No,High Income,346,346,1954,1.8,5.9,92.3,1411,0.9,5.2,93.8,1.3,14.5,51,33.1,244,8.6,14.8,76.6,0,8.2,25,66.8,27,7.4,0,92.6,11.1,40.7,0,48.1
239,1400000US53033029307,138750,98031,No,High Income,347,347,2002,2.8,0.6,96.6,1287,0.5,0.5,99.1,1.9,2.8,38.3,56.9,249,4.8,0,95.2,0,8.8,39.4,51.8,92,6.5,0,93.5,10.9,6.5,19.6,63
240,1400000US53033029308,93594,98055,No,Middle Income,348,348,1839,0.3,0.2,99.5,1348,0.4,0.2,99.3,0,0,49.6,50.4,66,0,0,100,0,0,0,100,102,0,0,100,0,0,52.9,47.1
241,1400000US53033029309,81484,98055,No,Middle Income,349,349,2361,5.8,4.9,89.2,1611,8.6,4.9,86.5,1.2,20.1,64.9,13.8,175,0,0,100,0,11.4,32,56.6,208,0,0,100,5.8,21.2,73.1,0
242,1400000US53033029403,78438,98031,No,Middle Income,350,350,3327,3,3.5,93.5,2438,3.1,4.7,92.2,2,6.8,43.3,47.9,518,1.7,0,98.3,6.4,1.7,34.9,56.9,132,12.9,0,87.1,10.6,30.3,46.2,12.9
243,1400000US53033029405,146094,98031,No,High Income,351,351,2959,1,0.6,98.4,2016,1.5,0,98.5,0,5.7,29.4,64.9,248,0,0,100,0,21.4,23.8,54.8,110,0,0,100,0,16,55.7,28.3
244,1400000US53033029406,188558,98031,No,High Income,352,352,2460,2.8,1.2,96,1808,3.9,1.6,94.5,0,11.7,44.1,44.2,163,0,0,100,0,9.2,20.2,70.6,82,0,0,100,0,7.3,45.1,47.6
245,1400000US53033029407,56429,98031,No,Middle Income,353,353,2169,7.4,8.7,83.9,1531,6.1,8.8,85,2.6,23.3,52.6,21.6,187,0,0,100,13.9,32.6,18.7,34.8,192,8.3,10.9,80.7,24.3,10.7,41.8,23.2
246,1400000US53033029408,64746,98031,No,Middle Income,354,354,2417,5.6,7.9,86.5,1653,5.9,9.8,84.3,4.8,19.1,32.8,43.3,349,2.6,2.3,95.1,5.7,5.4,29.5,59.3,136,15.4,0,84.6,32.4,5.9,27.9,33.8
247,1400000US53033029504,72675,98030,No,Middle Income,355,355,2970,4.6,2.5,92.9,2257,3.9,2.8,93.3,1.7,23.9,49.4,25,344,0,0,100,0,39.8,18,42.2,126,0,0,100,0,73,27,0
248,1400000US53033029505,65568,98030,No,Middle Income,356,356,2339,9.4,7.7,82.9,1726,12,8,80,0,28.3,40.6,31.1,270,4.8,0,95.2,0,24.1,47.4,28.5,220,0,10.5,89.5,42.7,17.3,17.3,22.7
249,1400000US53033029506,57104,98030,No,Middle Income,357,357,2522,10.2,6.2,83.5,1403,12.6,7.3,80.1,1.1,33.1,60.1,5.7,691,10.4,8,81.6,2.2,26.8,66.9,4.2,331,2.7,0,97.3,5.7,55.9,34.1,4.2
250,1400000US53033029507,51597,98030,No,Middle Income,358,358,1710,0.5,4.9,94.6,1269,0,4.5,95.5,0,8.1,52.8,39.1,231,3.5,11.7,84.8,0,2.2,7.8,90,63,0,0,100,25.4,0,63.5,11.1
251,1400000US53033029508,142198,98030,No,High Income,359,359,1805,1.6,0,98.4,1330,0,0,100,0,13,37.5,49.5,148,19.6,0,80.4,0,19.9,39.7,40.4,96,0,0,100,0,0,43.8,56.3
252,1400000US53033029602,156111,98030,No,High Income,360,360,3740,0.6,1.4,98,2724,0.3,0.8,98.9,1.3,5.4,41.8,51.5,335,0,6.9,93.1,0,0,18.2,81.8,161,0,0,100,0,57.1,20.5,22.4
253,1400000US53033029603,62422,98030,No,Middle Income,361,361,2151,0.4,5.6,94,1332,0,9.1,90.9,0,15.6,36.5,47.9,348,2.3,0,97.7,0,0,51.2,48.8,128,0,0,100,0,8.6,64.8,26.6
254,1400000US53033029604,76302,98030,No,Middle Income,362,362,1439,2.8,15.1,82.1,997,4.1,9.2,86.7,0,11,23.3,65.7,118,0,8.5,91.5,0,27.1,8.5,64.4,127,0,0,100,0,74.8,25.2,0
255,1400000US53033029701,62452,98030,No,Middle Income,363,363,2354,10.4,1.7,87.9,1580,5.3,0,94.7,0,11.9,19.7,68.4,389,39.8,0,60.2,0,10.5,48.3,41.1,53,0,77.4,22.6,24.5,75.5,0,0
256,1400000US53033029702,73934,98030,No,Middle Income,364,364,1222,3.8,5.2,91,967,3.2,6.6,90.2,2.5,12.7,50.9,33.9,147,0,0,100,0,0,25.2,74.8,14,0,0,100,0,0,100,0
257,1400000US53033029803,76426,98001,Yes,Middle Income,365,365,2064,4.7,6,89.2,1759,2.6,6.7,90.7,2.6,24,54.2,19.2,194,16,0,84,21.6,22.7,55.7,0,18,0,33.3,66.7,0,0,33.3,66.7
258,1400000US53033029804,58825,98001,Yes,Middle Income,366,366,2353,0,4.6,95.4,1626,0,5.4,94.6,0,12.9,22.9,64.1,311,0,0,100,0,11.3,23.5,65.3,48,0,43.8,56.3,0,43.8,0,56.3
259,1400000US53033029805,81211,98001,Yes,Middle Income,367,367,1994,7.2,0,92.8,1345,7.6,0,92.4,0,5.7,48.4,45.9,387,4.1,0,95.9,0,0,51.9,48.1,36,0,0,100,0,0,100,0
260,1400000US53033029806,84355,98001,Yes,Middle Income,368,368,2825,1.2,1.8,97,2029,1.7,0,98.3,0,25.5,36.4,38,329,0,15.2,84.8,0,71.4,15.8,12.8,257,0,0,100,0,0,33.1,66.9
261,1400000US53033029901,64414,98001,Yes,Middle Income,369,369,2127,1.4,2.8,95.8,1436,1.1,3.3,95.6,0,13.5,32.2,54.3,407,0,3.2,96.8,0,1,45.5,53.6,49,0,0,100,0,23.9,56.5,19.6
262,1400000US53033029902,159875,98001,Yes,High Income,370,370,2808,0.4,0.7,98.9,1950,0.6,0,99.4,0,4.4,37.7,57.9,358,0,0,100,2,0,47.2,50.8,111,0,0,100,0,13.5,33.3,53.2
263,1400000US53033030003,69611,98003,Yes,Middle Income,371,371,2915,6.6,8.3,85.1,2233,3.9,10.8,85.3,4.2,11.5,66.5,17.9,361,29.6,0,70.4,6.6,5.3,86.1,1.9,116,0,0,100,22.7,12.7,64.5,0
264,1400000US53033030005,77250,98003,Yes,Middle Income,372,372,2869,6.6,6.7,86.7,2023,7.9,6.8,85.3,0.5,12.2,37.5,49.9,379,7.9,4.2,87.9,6.6,14,19.3,60.2,257,0,15.6,84.4,19.5,24.9,35.8,19.8
265,1400000US53033030006,65647,98003,Yes,Middle Income,373,373,2186,6,3.2,90.9,1083,4,4.4,91.6,6.5,32.3,50.7,10.5,288,12.8,0,87.2,0,26.4,52.4,21.2,468,9.8,0,90.2,2.1,79.5,15,3.4
266,1400000US53033030007,46163,98003,Yes,Middle Income,374,374,1584,4.4,10,85.7,1267,4.8,12.5,82.7,1,40,32.5,26.4,38,0,0,100,0,68.4,0,31.6,236,3.4,0,96.6,13.1,73.7,13.1,0
267,1400000US53033030008,64055,98003,Yes,Middle Income,375,375,2377,7.8,2.8,89.4,1886,9,3.5,87.5,2.6,33.1,28.3,36,238,7.1,0,92.9,0,0,31.1,68.9,129,0,0,100,37.2,11.6,20.9,30.2
268,1400000US53033030102,245455,98003,Yes,High Income,377,377,1527,0,2.8,97.2,997,0,4.3,95.7,0,9.2,44.3,46.4,180,0,0,100,0,0,48.9,51.1,68,0,0,100,0,0,55.9,44.1
269,1400000US53033030201,74091,98003,Yes,Middle Income,378,378,2878,3.6,2.5,93.8,2055,2,0.5,97.5,1.7,22.9,19.8,55.6,383,0,12.5,87.5,4.4,22.2,43.6,29.8,172,0,8.1,91.9,18.4,31,20.9,29.7
270,1400000US53033030203,89146,98003,Yes,Middle Income,379,379,2035,2.4,5.7,91.8,1541,3.2,3.8,93,8.8,12.2,30.6,48.5,384,0,15.1,84.9,0,65.4,18,16.7,46,0,0,100,41.3,0,0,58.7
271,1400000US53033030304,78317,98003,Yes,Middle Income,381,381,2258,4.9,3,92.2,1698,6.4,2.9,90.8,5.2,6.2,42,46.5,265,0,0,100,4.2,21.5,7.5,66.8,36,2.8,0,97.2,0,0,40,60
272,1400000US53033030305,75793,98023,No,Middle Income,382,382,2214,1.7,0,98.3,1431,2.6,0,97.4,0,25.2,28.9,45.8,191,0,0,100,0,22.5,0,77.5,196,0,0,100,12.8,0,53.1,34.2
273,1400000US53033030306,64191,98023,No,Middle Income,383,383,2846,3.4,9,87.6,2094,3.3,10.5,86.2,0.4,8,35.4,56.2,285,9.8,8.4,81.8,0,18.9,31.6,49.5,119,0,10.9,89.1,0,13.4,10.9,75.6
274,1400000US53033030308,70547,98023,No,Middle Income,384,384,3074,4.7,7.2,88.1,2277,2.6,6.3,91.1,1.4,21.3,41.5,35.7,198,0,0,100,0,25.8,46,28.3,211,39.3,0,60.7,0,8.1,80.6,11.4
275,1400000US53033030309,65388,98003,Yes,Middle Income,385,385,3397,4.7,1.5,93.9,2177,6.5,1.6,92,1.5,25.5,49.4,23.6,524,3.1,3.1,93.9,3.1,40.5,12.2,44.3,254,0,0,100,0,31.9,31.9,36.2
276,1400000US53033030311,89405,98023,No,Middle Income,387,387,2311,2.2,4.6,93.2,1564,1,5,94.1,1.9,1.4,49,47.6,307,3.6,0,96.4,8.5,3.6,54.7,33.2,110,21.8,2.7,75.5,15,10.3,22.4,52.3
277,1400000US53033030312,69848,98023,No,Middle Income,388,388,2726,3.3,7.3,89.4,1875,1.7,7.2,91.1,2.9,15.3,38.9,42.9,267,22.1,10.5,67.4,0,26.6,28.5,44.9,184,0,0,100,0,62,25.5,12.5
278,1400000US53033030313,58554,98003,Yes,Middle Income,389,389,2323,8.6,6.4,85,1717,7.6,7.3,85.1,0,39.5,40.4,20.1,189,36.5,12.2,51.3,18.5,13.8,52.9,14.8,160,0,0,100,19.4,42.5,22.5,15.6
279,1400000US53033030314,90518,98003,Yes,Middle Income,390,390,2165,4.5,7.8,87.8,1234,5.9,9.7,84.4,1.1,48.1,30.7,20.1,371,0,0,100,0,17.3,41,41.8,167,0,28.7,71.3,20.4,62.3,0,17.4
280,1400000US53033030403,153523,98003,Yes,High Income,391,391,2721,0,3.1,96.9,2023,0,4.2,95.8,0,6.7,24.4,68.9,382,0,0,100,0,5.8,38.2,56,136,0.7,0,99.3,0,6.7,61.5,31.9
281,1400000US53033030404,98386,98001,Yes,Middle Income,392,392,2736,0.7,3.4,95.8,1823,0.5,2.5,97,2.5,7.4,24,66.2,578,1.9,8.5,89.6,0,13.8,27.7,58.5,80,0,0,100,0,26.3,21.3,52.5
282,1400000US53033030405,93666,98001,Yes,Middle Income,393,393,1356,4.9,8.9,86.2,1043,2.8,11.6,85.6,0,10.3,47.5,42.3,153,24.2,0,75.8,0,0,12.4,87.6,33,0,0,100,0,0,0,100
283,1400000US53033030406,95807,98001,Yes,Middle Income,394,394,1714,1.1,3.2,95.8,1260,1.4,1.7,96.8,4.8,7.6,48.2,39.4,126,0,25.4,74.6,0,0,92.1,7.9,74,0,0,100,0,0,0,100
284,1400000US53033030501,55000,98001,Yes,Middle Income,396,396,1061,3.3,7.6,89.1,747,2.7,7.6,89.7,2,62.1,14.9,21,76,7.9,0,92.1,0,21.1,78.9,0,93,6.5,25.8,67.7,19.6,65.2,15.2,0
285,1400000US53033030503,70853,98002,No,Middle Income,397,397,2511,3.8,6.9,89.3,1668,1.1,6.7,92.1,0.8,24.9,38.5,35.7,201,0,9.5,90.5,0,6.5,83.6,10,180,0,23.9,76.1,58.3,5.6,7.2,28.9
286,1400000US53033030504,71170,98002,No,Middle Income,398,398,2565,3.7,6,90.3,1966,3.5,5.6,90.9,1.9,24.5,36.4,37.2,305,8.9,14.4,76.7,0,31.8,57,11.1,93,0,0,100,0,8.6,67.7,23.7
287,1400000US53033030600,77816,98002,No,Middle Income,399,399,2993,0,4.2,95.8,2170,0,2.9,97.1,2.2,35.6,37.7,24.5,455,0,0,100,0,44.6,45.3,10.1,105,0,0,100,0,0,100,0
288,1400000US53033030700,77594,98002,No,Middle Income,400,400,2303,2.7,2.3,95,1702,3.6,2.4,94,3.6,17.2,31.1,48,470,0,0,100,3.6,23.6,54.9,17.9,65,0,0,100,16.9,49.2,18.5,15.4
289,1400000US53033030801,60987,98001,Yes,Middle Income,401,401,2757,7.4,10.8,81.8,1956,8.1,12,79.9,0.3,23.9,39.6,36.2,391,11.8,0,88.2,0,51.7,36.6,11.8,200,0,23.5,76.5,41.5,43.5,10.5,4.5
290,1400000US53033030802,77083,98002,No,Middle Income,402,402,1985,4.3,5.1,90.5,1238,4.9,7.6,87.5,3.6,17.2,41.3,37.8,431,3,1.9,95.1,4.6,37.1,49,9.3,144,0,0,100,0,6.9,75.7,17.4
291,1400000US53033030901,71797,98001,Yes,Middle Income,403,403,1807,3.5,5.5,91,1360,4.3,7.2,88.5,0.5,6,32.4,61.1,186,0,1.1,98.9,0,31.2,23.1,45.7,74,0,0,100,0,0,89.2,10.8
292,1400000US53033030902,44848,98001,Yes,Middle Income,404,404,3379,4.9,9.6,85.5,2563,5.4,7.7,86.9,0.5,11.2,31.2,57.1,621,4.7,20.3,75,0,35.3,28.7,36.1,50,0,0,100,34,0,36,30
293,1400000US53033031000,149679,98092,No,High Income,405,405,2729,2.3,1.4,96.4,1956,1.9,1.9,96.2,0,12.1,45,42.9,273,8.8,0,91.2,0,6.2,40.7,53.1,205,0,0,100,0,26.3,29.8,43.9
294,1400000US53033031101,72750,98002,No,Middle Income,406,406,2241,5.8,3.4,90.7,1556,4.8,2,93.3,6.7,9.4,59.2,24.7,264,1.1,15.5,83.3,0.4,33,57.6,9.1,25,0,0,100,4,16,68,12
295,1400000US53033031102,52868,98002,No,Middle Income,407,407,1652,11.8,13.6,74.6,1181,7.5,17.2,75.4,8.4,23.3,29.2,39.1,338,27.8,3,69.2,29.3,13.3,18.9,38.5,36,0,33.3,66.7,44.4,55.6,0,0
296,1400000US53033031202,72772,98022,No,Middle Income,408,408,2277,3.9,3.7,92.4,1662,4,4.1,91.9,3.1,10.3,29.7,56.9,299,4.7,0,95.3,0,1.7,27.8,70.6,44,11.4,36.4,52.3,0,47.7,4.5,47.7
297,1400000US53033031204,48866,98042,No,Middle Income,409,409,2760,0.7,3,96.3,2094,0.9,3.9,95.2,5.4,2.9,38.2,53.5,254,0,0,100,0,26.8,33.1,40.2,13,0,15.4,84.6,0,0,0,100
298,1400000US53033031206,78214,98092,No,Middle Income,410,410,2238,2.9,4.4,92.6,1812,3.6,4.5,91.8,1.3,9.9,45.4,43.3,99,0,0,100,0,0,35.4,64.6,92,0,18.5,81.5,6.5,12,33.7,47.8
299,1400000US53033031207,70964,98092,No,Middle Income,411,411,2150,10.1,6.4,83.5,1512,7.7,2.9,89.4,8.9,19.3,32.4,39.4,254,27.2,0,72.8,0,28.3,58.7,13,226,14.2,16.8,69,31,57.1,11.9,0
300,1400000US53033031208,90222,98092,No,Middle Income,412,412,2604,9.4,1.2,89.4,1735,5.4,0,94.6,0,6.6,29.7,63.7,216,27.8,14.4,57.9,27.8,14.4,9.7,48.1,142,13.4,0,86.6,0,33.1,54.2,12.7
301,1400000US53033031301,183214,98022,No,High Income,413,413,957,1,2.9,96,699,1,2.6,96.4,0,6.3,31.2,62.5,109,0,0,100,0,0,26.6,73.4,35,8.6,0,91.4,0,0,28.1,71.9
302,1400000US53033031302,66094,98022,No,Middle Income,414,414,2292,7.1,2.7,90.2,1857,7.4,2.7,89.9,0.5,14.9,25.3,59.3,97,0,11.3,88.7,0,0,61.9,38.1,93,0,0,100,0,0,58.1,41.9
303,1400000US53033031400,158542,98022,No,High Income,415,415,3500,0.4,1.7,97.9,2529,0.6,1.7,97.7,0.5,13.8,41.8,43.9,511,0,2.9,97.1,0,17.8,50.5,31.7,42,0,0,100,0,0,0,100
304,1400000US53033031501,98350,98022,No,Middle Income,416,416,2042,2.4,1.7,95.9,1604,1.9,2.2,95.9,4.6,6.8,31.4,57.2,190,3.2,0,96.8,0,7.9,5.8,86.3,47,0,0,100,0,0,0,100
305,1400000US53033031502,238750,98022,No,High Income,417,417,2402,1.2,2.2,96.5,1786,1.7,1.1,97.3,0,5.6,40.1,54.3,339,0,6.8,93.2,0,4.4,38.9,56.6,21,0,52.4,47.6,0,0,52.4,47.6
306,1400000US53033031603,197639,98010,No,High Income,419,419,3378,1.5,3,95.5,2217,0.7,2.9,96.4,2.7,3.1,49,45.2,348,0,0,100,0,0,19.3,80.7,13,0,0,100,0,0,100,0
307,1400000US53033031604,82188,98038,No,Middle Income,420,420,2896,1.6,0.7,97.7,2002,1.3,0.7,98,1.8,15.8,39.2,43.2,202,0,2.5,97.5,0,0,49,51,77,0,0,100,0,49.4,50.6,0
308,1400000US53033031605,231250,98010,No,High Income,421,421,2439,0.8,0,99.2,1915,0,0,100,0,4.8,30.7,64.5,152,0,0,100,0,0,15.8,84.2,12,0,0,100,0,0,0,100
309,1400000US53033031704,168864,98042,No,High Income,422,422,3214,0.8,6.4,92.8,2235,0.4,6,93.5,1.3,10.3,31.1,57.3,467,1.5,12.4,86.1,14.6,21,23.3,41.1,256,0,0,100,0,28.9,7,64.1
310,1400000US53033031705,160689,98042,No,High Income,423,423,2278,0.7,2,97.4,1813,0.8,2.5,96.7,5,9.5,31.1,54.4,130,0,0,100,0,0,66.2,33.8,34,0,0,100,0,0,17.6,82.4
311,1400000US53033031707,221938,98042,No,High Income,424,424,1526,1.1,1.3,97.6,1233,1.4,1.5,97.1,0,5.8,23.6,70.6,103,0,0,100,0,0,66,34,20,0,0,100,0,0,100,0
312,1400000US53033031708,84367,98042,No,Middle Income,425,425,2280,1.5,2.1,96.3,1844,1,2.7,96.4,0,17.4,27.6,55,187,9.1,0,90.9,0,12.8,10.7,76.5,23,0,0,100,0,52.2,47.8,0
313,1400000US53033031709,159861,98042,No,High Income,426,426,2074,9.8,1.4,88.7,1560,9.9,1,89.1,0,5.9,42.9,51.2,152,0,9.9,90.1,0,0,23.7,76.3,0,-,-,-,-,-,-,-
314,1400000US53033031710,89962,98042,No,Middle Income,427,427,1724,0,1.4,98.6,1314,0,1.8,98.2,0,15.6,38.9,45.5,101,0,0,100,8.9,30.7,14.9,45.5,90,0,0,100,0,0,73.3,26.7
315,1400000US53033031800,151384,98038,No,High Income,428,428,2618,1.6,2,96.4,2014,0.8,0.7,98.4,0.9,1.8,34.2,63.1,295,8.8,11.2,80,0,0,39.3,60.7,42,0,0,100,0,0,81,19
316,1400000US53033031904,220517,98027,Yes,High Income,429,429,1420,1.9,3.3,94.8,1060,1.5,3.7,94.8,1.2,8.2,28.2,62.4,72,0,0,100,0,12.5,54.2,33.3,28,39.3,0,60.7,0,32.1,39.3,28.6
317,1400000US53033031906,46538,98058,No,Middle Income,430,430,1737,4.4,0,95.6,1391,4.1,0,95.9,0,4.7,48,47.3,97,0,0,100,0,0,45.4,54.6,19,47.4,0,52.6,0,0,47.4,52.6
318,1400000US53033031908,90000,98058,No,Middle Income,431,431,2163,5.4,2.4,92.3,1598,5.3,3.2,91.6,1.7,20,53.1,25.2,192,13.5,0,86.5,4.7,19.8,62,13.5,72,0,0,100,0,62,12.7,25.4
319,1400000US53033031909,67750,98058,No,Middle Income,432,432,1375,10.2,1.2,88.6,980,13.7,0,86.3,3.8,7.3,41.1,47.8,134,0,0,100,0,62.7,20.9,16.4,36,0,0,100,0,14.3,85.7,0
320,1400000US53033031910,75114,98058,No,Middle Income,433,433,2213,1.4,1,97.6,1452,2.1,1.5,96.3,0,15.1,48.8,36.2,387,0,0,100,0,0,16.3,83.7,61,0,0,100,0,0,100,0
321,1400000US53033031911,165500,98058,No,High Income,434,434,1834,0.9,1.7,97.4,1329,1.2,2.3,96.5,0,12.1,38.6,49.3,79,0,0,100,0,0,21.5,78.5,144,0,0,100,0,37.5,10.4,52.1
322,1400000US53033031912,88179,98027,Yes,Middle Income,435,435,1616,3.5,10.1,86.3,1076,5.3,2.7,92,0,1.8,21.3,77,102,0,83.3,16.7,0,0,83.3,16.7,36,0,0,100,0,0,0,100
323,1400000US53033031913,74750,98058,No,Middle Income,436,436,2067,4.8,0,95.2,1403,5.6,0,94.4,0.9,5.5,42.1,51.5,92,0,0,100,0,0,40.2,59.8,80,0,0,100,0,20,0,80
324,1400000US53033032002,228088,98027,Yes,High Income,437,437,1339,0.5,2.7,96.8,976,0.7,2.8,96.5,0,6.8,30.5,62.7,85,0,10.6,89.4,0,0,58.8,41.2,0,-,-,-,-,-,-,-
325,1400000US53033032003,180750,98025,No,High Income,438,438,2980,2.2,0,97.8,2382,1.6,0,98.4,0.4,5,24.7,69.9,129,0,0,100,0,20.2,35.7,44.2,47,63.8,0,36.2,63.8,0,0,36.2
326,1400000US53033032005,172019,98038,No,High Income,439,439,3894,0.9,4.9,94.2,3145,1.1,5,93.9,1.7,5.4,28.1,64.8,378,0,8.7,91.3,0,20.6,36.2,43.1,31,0,0,100,0,0,0,100
327,1400000US53033032006,200109,98038,No,High Income,440,440,2704,1.7,0,98.3,2208,2.1,0,97.9,2.4,6.4,38.6,52.5,229,0,0,100,0,0,40.6,59.4,71,0,0,100,0,12.7,59.2,28.2
328,1400000US53033032008,171625,98038,No,High Income,442,442,2242,0.4,0.4,99.2,1801,0.5,0.5,99,1.2,8.1,38.9,51.8,127,0,0,100,0,4.7,32.3,63,37,0,0,100,0,0,100,0
329,1400000US53033032010,183056,98038,No,High Income,443,443,3375,1.3,1.1,97.6,2542,0.7,1.5,97.9,5,8.5,53.6,33,298,0,0,100,7,0,17.4,75.5,8,0,0,100,0,100,0,0
330,1400000US53033032011,161979,98038,No,High Income,444,444,2213,3.4,1.1,95.5,1570,3.2,1.5,95.2,3.4,13.2,45,38.5,142,6.3,0,93.7,0,21.8,35.9,42.3,89,0,0,100,0,12.4,38.2,49.4
331,1400000US53033032102,193333,98027,Yes,High Income,445,445,2442,0.8,0,99.2,1517,0,0,100,2.4,5.4,31.2,60.9,107,0,0,100,0,0,43,57,112,0,0,100,0,0,17.9,82.1
332,1400000US53033032103,168021,98027,Yes,High Income,446,446,3197,4.5,3.5,92,2038,5.2,3.9,90.9,2.6,25,55,17.4,175,13.1,0,86.9,9.1,8,17.7,65.1,176,0,0,100,4.5,32.4,15.9,47.2
333,1400000US53033032104,77583,98027,Yes,Middle Income,447,447,3277,7.4,1.3,91.3,1888,8.7,2.3,89,0.8,18.2,39.5,41.5,288,14.6,0,85.4,0,0,58.7,41.3,153,0,0,100,29.4,43.8,17.6,9.2
334,1400000US53033032211,217850,98029,Yes,High Income,449,449,2492,1.3,0.8,97.9,1399,1.4,1.4,97.3,0,14.7,48.8,36.5,182,0,0,100,0,0,35.7,64.3,133,0,0,100,0,16.5,83.5,0
335,1400000US53033032213,215536,98029,Yes,High Income,450,450,2515,0,0.7,99.2,1589,0.1,1.1,98.8,2,5.7,42.8,49.5,109,0,0,100,0,11.9,22.9,65.1,76,0,0,100,0,0,55.3,44.7
336,1400000US53033032219,224007,98027,Yes,High Income,455,455,2508,2.5,3.6,93.9,1178,5.3,6.2,88.5,1.4,13.3,66,19.2,130,0,0,100,0,10,90,0,257,0,0,100,0,35.8,44,20.2
337,1400000US53033032220,239028,98029,Yes,High Income,456,456,5392,3.9,1.4,94.7,2038,5.2,0,94.8,0,37.2,52.4,10.4,855,5.1,3,91.8,0,55.8,40.5,3.7,717,0,0,100,4.7,60,27.2,8.1
338,1400000US53033032221,210852,98024,No,High Income,457,457,3546,0.1,0,99.9,1879,0,0,100,0,21.6,55.3,23,556,0,0,100,0,27,34.9,38.1,327,0.6,0,99.4,0,7.4,83.1,9.5
339,1400000US53033032223,241397,98029,Yes,High Income,459,459,2042,0,0,100,1252,0,0,100,0,5.1,52.6,42.3,135,0,0,100,0,9.6,90.4,0,229,0,0,100,0,0,73.4,26.6
340,1400000US53033032307,203229,98072,No,High Income,462,462,2904,2.2,0.5,97.3,2110,2,0,98,0.9,4.7,47.1,47.3,131,16,0,84,0,6.9,30.5,62.6,0,-,-,-,-,-,-,-
341,1400000US53033032311,203333,98019,No,High Income,463,463,2526,1.7,0,98.3,1747,1.7,0,98.3,0.5,5.1,43.2,51.2,170,0,0,100,0,0,12.9,87.1,99,0,0,100,0,0,34.3,65.7
342,1400000US53033032313,176161,98052,Yes,High Income,464,464,3250,1,0,99,1878,0.9,0,99.1,7.1,27.9,39.9,25.1,255,0,0,100,0,52.2,47.8,0,150,12,0,88,40.7,32,27.3,0
343,1400000US53033032316,222750,98053,No,High Income,466,466,2823,1,0.7,98.4,1781,0.4,0,99.6,0,5.6,45.1,49.2,142,0,0,100,0,13.4,59.9,26.8,92,0,0,100,0,19.6,43.5,37
344,1400000US53033032318,245605,98053,No,High Income,468,468,3508,1.1,1.7,97.2,2305,1.7,2.1,96.2,1.4,8.7,53.8,36.1,208,0,4.8,95.2,0,6.7,53.8,39.4,124,0,0,100,0,17.7,53.2,29
345,1400000US53033032319,43980,98072,No,Middle Income,469,469,3496,1,0.5,98.5,2258,1.5,0.8,97.7,2,24.4,51.6,22,130,0,0,100,0,14.6,50.8,34.6,141,0,0,100,0,50.4,49.6,0
346,1400000US53033032320,221667,98072,No,High Income,470,470,2584,0.6,0,99.4,1657,1,0,99,1.8,8.2,37.6,52.4,154,0,0,100,0,0,15.8,84.2,97,0,0,100,0,0,40.2,59.8
347,1400000US53033032322,229583,98052,Yes,High Income,472,472,1480,0,0,100,1001,0,0,100,0,4.7,52.3,43,149,0,0,100,0,0,62.4,37.6,54,0,0,100,0,14.8,35.2,50
348,1400000US53033032323,240625,98052,Yes,High Income,473,473,3145,0.5,0,99.5,1737,1,0,99,0,10.3,59.2,30.5,163,0,0,100,0,38.7,50.9,10.4,137,0,0,100,0,0,75.9,24.1
349,1400000US53033032324,203203,98052,Yes,High Income,474,474,3061,3.7,2.8,93.5,1647,0,5.2,94.8,3.6,18.9,62.7,14.8,275,20.4,0,79.6,0,69.8,25.8,4.4,186,0,0,100,9.1,39.2,41.9,9.7
350,1400000US53033032325,216625,98052,Yes,High Income,475,475,3104,1.6,0.4,97.9,2099,0,0.6,99.4,0,23.5,46.3,30.2,161,0,0,100,0,60.9,29.2,9.9,127,18.9,0,81.1,0,54.3,18.9,26.8
351,1400000US53033032330,218056,98052,Yes,High Income,479,479,2828,3.9,0.6,95.5,1299,2.2,0,97.8,0,38.4,51.1,10.5,323,0,0,100,0,29.1,42.7,28.2,207,0,0,100,15,58.5,26.6,0
352,1400000US53033032331,85469,98052,Yes,Middle Income,480,480,3549,4.3,1.4,94.3,1181,0.9,0,99.1,0,79.8,12.8,7.5,221,0,0,100,6.8,85.1,0,8.1,825,3.5,4.2,92.2,29.7,54.4,13.8,2.1
353,1400000US53033032333,58981,98053,No,Middle Income,482,482,1349,1.9,0,98.1,803,3.2,0,96.8,0.9,23.5,63.4,12.2,171,0,0,100,0,15.2,84.8,0,42,0,0,100,0,11.9,88.1,0
354,1400000US53033032401,182344,98014,No,High Income,483,483,3038,1.3,0,98.7,2211,1.7,0,98.3,2.4,4.8,47.1,45.6,106,0.9,0,99.1,16.2,0,67.6,16.2,57,0,0,100,0,0,45.6,54.4
355,1400000US53033032402,167054,98014,No,High Income,484,484,4067,0.9,1.6,97.5,2510,1.5,2.1,96.4,2,3.1,39.4,55.5,405,0,0,100,0,3.7,47.2,49.1,57,0,0,100,0,43.9,35.1,21.1
356,1400000US53033032500,218750,98014,No,High Income,485,485,2929,1.5,0.9,97.6,2260,2,1.2,96.9,0.6,9.2,31.6,58.7,108,0,0,100,0,10.2,26.9,63,43,0,0,100,18.6,23.3,11.6,46.5
357,1400000US53033032601,63571,98014,No,Middle Income,486,486,1447,6.2,0,93.8,979,2.3,0,97.7,0,5.2,40.6,54.2,83,0,0,100,0,25.3,9.6,65.1,15,0,0,100,0,0,0,100
358,1400000US53033032603,243750,98024,No,High Income,487,487,2107,1.3,0.7,98.1,1289,0,0,100,2.4,4,56.8,36.8,231,0,0,100,13,0,52.8,34.2,50,0,0,100,0,0,100,0
359,1400000US53033032604,211919,98027,Yes,High Income,488,488,3544,0,0,100,2373,0,0,100,0,8.3,57.1,34.5,392,0,0,100,0,9.7,45.4,44.9,205,0,0,100,0,13.7,75.1,11.2
360,1400000US53033032703,201875,98045,No,High Income,490,490,1199,1,0.6,98.4,793,0,0.9,99.1,0,18.8,49.4,31.8,171,0,0,100,7,0,32.7,60.2,22,0,0,100,22.7,54.5,0,22.7
361,1400000US53033032704,215070,98045,No,High Income,491,491,3781,8.2,1.1,90.6,2469,8.7,0.6,90.7,0.6,5.2,47.6,46.6,501,7.6,2.8,89.6,0,3,56.5,40.5,81,0,0,100,19.8,19.8,21,39.5
362,1400000US53033032705,221420,98045,No,High Income,492,492,1906,4.8,3.7,91.4,1346,5.1,5.3,89.7,1.4,7.4,42.1,49,120,0,0,100,0,0,25.8,74.2,25,0,0,100,0,100,0,0
363,1400000US53033032706,69470,98045,No,Middle Income,493,493,1684,0.9,1.3,97.8,1327,0,1.1,98.9,2.3,6.6,35.1,56,199,0,4,96,30.2,6.5,18.1,45.2,3,100,0,0,-,-,-,-
364,1400000US53033032800,69306,98024,No,Middle Income,494,494,1337,1.4,5.4,93.2,1050,0.5,1.6,97.9,2.6,5.8,29.8,61.8,83,0,43.4,56.6,0,0,68.7,31.3,19,21.1,0,78.9,0,60,0,40
