OBJECTID,GEO_ID_TRT,TRACT_LBL,E19019181,M19019181,E19019182,M19019182,E19019183,M19019183,E19019184,M19019184,E19019185,M19019185,E19019186,M19019186,E19019187,M19019187,E19019188,M19019188
1,53033000100,Tract 000100,50948,6370,27724,10575,75088,18234,80547,44043,97361,68662,105913,17607,,,,
2,53033000200,Tract 000200,69790,4434,55625,3690,78325,11913,80486,28273,95000,33392,77969,11799,,,,
3,53033000300,Tract 000300,86696,22361,46947,3682,90714,22853,105208,41179,141607,37101,167708,155885,,,,
4,53033000401,Tract 000401,32262,2972,25220,2137,59609,23190,93441,36263,121650,88099,,,,,,
5,53033000402,Tract 000402,73792,11215,44958,5480,68111,7506,158333,70277,131797,32540,160977,37133,,,,
6,53033000500,Tract 000500,146750,16035,33000,9612,121552,18559,211667,63897,156528,46281,250001,,,,,
7,53033000600,Tract 000600,63705,11509,44219,5490,79732,13633,79911,38641,140417,128362,29833,22423,,,,
8,53033000700,Tract 000700,59807,5762,43371,8692,62572,7174,81410,25736,110233,22265,250001,,,,,
9,53033000800,Tract 000800,105286,14924,46125,32703,119048,31944,99091,34372,156979,145998,209688,59788,,,,
10,53033000900,Tract 000900,138224,20930,59250,29186,131500,47449,207500,31479,200000,29229,250001,,,,,
11,53033001000,Tract 001000,83295,21176,54038,15247,81875,30588,108281,101634,140208,20322,,,,,,
12,53033001100,Tract 001100,81250,11600,43971,11608,94438,25079,81957,43958,127375,71940,200595,63764,,,,
13,53033001200,Tract 001200,45925,9711,29176,7837,60355,9403,97762,55628,,,111438,35731,,,,
14,53033001300,Tract 001300,70250,8334,31487,10362,90288,19791,89449,29326,66583,29387,106103,77995,,,,
15,53033001400,Tract 001400,92059,24730,44915,8230,95588,27815,146850,29802,105789,30866,250001,,,,,
16,53033001500,Tract 001500,110139,25840,61065,10673,86389,11578,174875,28291,242500,100476,,,,,,
17,53033001600,Tract 001600,126096,12630,62344,15886,108219,14787,207159,29412,228661,69347,210769,167318,,,,
18,53033001701,Tract 001701,69596,5453,46968,7485,94868,16030,68571,33322,126063,86184,,,,,,
19,53033001702,Tract 001702,79375,13120,51691,33598,84659,19731,108551,17064,152457,30787,,,,,,
20,53033001800,Tract 001800,102917,20932,73333,19098,107146,15722,120290,16188,74028,62772,118036,83530,,,,
21,53033001900,Tract 001900,84395,4980,52031,6343,87083,30089,160385,35837,145000,44855,146250,63450,,,,
22,53033002000,Tract 002000,99726,6980,41458,10008,116250,19122,148214,53148,160170,19566,155750,134542,,,,
23,53033002100,Tract 002100,106458,19460,48598,8120,126442,11405,117500,19759,171544,32286,171917,33937,,,,
24,53033002200,Tract 002200,135088,26706,47000,13261,139231,38693,168750,100519,213856,22038,237917,78428,,,,
25,53033002400,Tract 002400,118750,18184,61500,18950,126667,30107,110682,31173,156188,70140,243750,79145,,,,
26,53033002500,Tract 002500,113472,18106,31181,16591,104750,23225,151507,15999,185208,84449,158864,157702,221458,886,,
27,53033002600,Tract 002600,115000,9370,48942,17305,89896,24575,153833,13140,169868,36317,148194,65696,87143,57766,,
28,53033002700,Tract 002700,128292,22563,60313,38189,120288,42325,205481,92309,154205,37541,250001,,,,,
29,53033002800,Tract 002800,124107,13689,65492,8458,125938,8304,151806,42495,216196,42808,,,,,,
30,53033002900,Tract 002900,110202,20163,46683,22164,127656,34316,143929,68831,153833,20060,,,,,,
31,53033003000,Tract 003000,103470,13449,53750,17197,107196,31056,144318,54915,126518,29369,,,,,,
32,53033003100,Tract 003100,123698,9701,50417,19486,131189,20710,190078,45477,186830,56281,,,,,,
33,53033003200,Tract 003200,89375,17537,56828,10640,86979,24457,148136,49422,250001,,,,,,,
34,53033003300,Tract 003300,113188,15271,64250,12851,113500,26857,135829,20565,203214,60057,,,,,,
35,53033003400,Tract 003400,106172,12028,52455,8383,93106,21137,166719,20888,167569,53148,167361,105631,,,,
36,53033003500,Tract 003500,91806,18717,49205,8599,104643,14063,141296,26182,165966,28061,169018,87075,,,,
37,53033003600,Tract 003600,82268,8174,49094,11806,105806,13189,127306,16234,174044,108145,162083,28014,,,,
38,53033003800,Tract 003800,124792,15266,50938,22489,131750,47284,120577,50466,171071,39848,243036,150025,,,,
39,53033003900,Tract 003900,103333,31705,32447,16221,93375,20358,151528,70410,207361,64572,220125,121118,,,,
40,53033004000,Tract 004000,80208,17951,46964,8208,81771,14946,172344,20918,178542,78159,31861,2451,,,,
41,53033004100,Tract 004100,175735,7785,58819,40118,175486,17742,208417,61035,250001,,176458,60343,,,,
42,53033004200,Tract 004200,127373,13558,81071,12276,106622,26968,211364,27558,229408,43744,250001,,,,,
43,53033004301,Tract 004301,95463,21526,50163,20465,106429,12317,160357,52272,155469,108519,66902,22799,,,,
44,53033004302,Tract 004302,30679,7575,16750,6170,39806,4789,38478,10254,,,,,,,,
45,53033004400,Tract 004400,63344,21995,33953,11182,74309,35376,74901,46941,181434,6398,124375,113462,114107,89847,190154,131468
46,53033004500,Tract 004500,105536,17665,65547,29505,115268,22708,123864,23731,193036,117986,97216,38344,250001,,,
47,53033004600,Tract 004600,130909,15805,79938,6214,120583,41834,129219,70283,185909,26368,250001,,,,,
48,53033004700,Tract 004700,91288,9098,71900,13203,118547,8073,198491,87227,236182,172388,,,,,,
49,53033004800,Tract 004800,116279,9779,57804,23329,110787,19651,133403,24602,208179,141072,161181,91058,,,,
50,53033004900,Tract 004900,95917,8422,64076,12131,110547,24738,228542,136476,181406,72904,,,,,,
51,53033005000,Tract 005000,87112,19813,43333,9155,106750,21383,139375,23632,149940,50063,,,,,,
52,53033005100,Tract 005100,120318,27433,54167,28125,137442,13959,106875,68941,223977,43746,234375,59165,,,,
53,53033005200,Tract 005200,41089,9969,33116,9238,55381,20033,,,,,116875,58101,,,,
54,53033005301,Tract 005301,20950,4244,20281,9332,25865,15553,13661,9068,,,,,,,,
55,53033005302,Tract 005302,,,,,,,,,,,,,,,,
56,53033005400,Tract 005400,101270,19239,71007,17886,134118,14796,170298,34340,118537,47241,,,,,,
57,53033005600,Tract 005600,170031,15767,62829,17611,163250,38258,186875,16592,214444,26857,,,,,,
58,53033005700,Tract 005700,117449,19798,60461,20806,106406,23815,181802,26030,250001,,,,,,,
59,53033005801,Tract 005801,84583,9285,54722,19094,93795,10843,150000,46107,116917,90180,,,,,,
60,53033005802,Tract 005802,71715,8151,58041,12445,101111,23472,151528,100278,,,,,,,,
61,53033005900,Tract 005900,109567,9267,51858,5833,113731,16994,190985,159920,250001,,250001,,,,,
62,53033006000,Tract 006000,113670,13029,84481,22344,120120,29278,134343,66232,213333,82637,,,,,,
63,53033006100,Tract 006100,109055,14133,82292,14308,108775,23110,192031,136118,191774,117057,,,,,,
64,53033006200,Tract 006200,179922,36943,77958,31366,168611,29889,235625,103195,250001,,250001,,,,,
65,53033006300,Tract 006300,135956,26973,58571,12806,158047,65257,250001,,250001,,250001,,,,,
66,53033006400,Tract 006400,157670,23134,44542,31988,155536,53207,168594,26973,246435,43627,250001,,,,,
67,53033006500,Tract 006500,103750,13838,66468,8682,128167,27008,217891,108667,250001,,250001,,,,,
68,53033006600,Tract 006600,106995,15808,82179,19227,125833,25442,99135,55642,,,,,,,,
69,53033006700,Tract 006700,112224,13770,76316,11523,123871,47213,144853,48901,250001,,,,,,,
70,53033006800,Tract 006800,116111,14260,81389,28401,113295,21683,180956,87194,248958,33274,250001,,,,,
71,53033006900,Tract 006900,127702,24678,67465,13847,119563,28258,137139,117878,220326,35619,250001,,,,,
72,53033007000,Tract 007000,74063,15790,50605,11302,119673,17140,240822,190772,,,,,,,,
73,53033007100,Tract 007100,84112,3317,73750,13037,108875,27958,97623,38703,,,,,,,,
74,53033007200,Tract 007200,113125,15419,86563,22998,176695,14536,171034,115995,,,226833,49608,,,,
75,53033007300,Tract 007300,100317,18282,55024,11766,143043,46536,216250,169839,214702,111422,,,,,,
76,53033007401,Tract 007401,71453,15186,55958,7019,120679,11710,,,,,,,,,,
77,53033007402,Tract 007402,55181,9455,42045,8567,82569,35473,83229,43494,,,,,,,,
78,53033007500,Tract 007500,68838,8435,58352,9861,79463,11685,153889,28128,,,,,,,,
79,53033007600,Tract 007600,80152,15503,53221,9453,114915,24484,81326,70825,202868,169012,,,,,,
80,53033007700,Tract 007700,113397,15409,66354,25157,134688,17030,132031,71410,,,,,,,,
81,53033007800,Tract 007800,173438,50467,97344,30118,147007,60334,,,226094,19517,249042,31509,,,,
82,53033007900,Tract 007900,78846,8259,41793,12681,123393,23546,101528,67045,55868,45834,,,,,,
83,53033008001,Tract 008001,125196,18391,89655,40141,214199,40522,213036,60520,,,,,,,,
84,53033008002,Tract 008002,60699,16107,44235,10734,130486,46430,,,,,,,,,,
85,53033008100,Tract 008100,68884,24494,35891,11766,129844,22284,,,,,,,,,,
86,53033008200,Tract 008200,81736,15299,50500,12101,147308,20731,,,,,,,,,,
87,53033008300,Tract 008300,70000,11469,50919,9306,127083,29142,250001,,,,,,,,,
88,53033008400,Tract 008400,60910,17124,48750,7065,91875,22829,76389,879,,,,,,,,
89,53033008500,Tract 008500,50250,8110,41928,4687,101555,19159,69931,49008,,,,,,,,
90,53033008600,Tract 008600,51190,11674,41554,22875,67778,25656,68906,60279,41250,38182,,,,,,
91,53033008700,Tract 008700,83090,18867,43750,25927,106950,22627,105625,37398,129034,21844,,,30278,17875,,
92,53033008800,Tract 008800,120608,14778,46944,23182,121394,5722,170121,60801,162303,26651,91071,88888,250001,,,
93,53033008900,Tract 008900,99167,16750,58795,33609,117969,28039,128778,11093,,,,,,,,
94,53033009000,Tract 009000,43438,13943,25125,6580,74727,18713,75438,16736,130781,70236,,,,,,
95,53033009100,Tract 009100,34650,7210,28333,11313,47000,15998,41250,32241,27420,2225,,,,,,
96,53033009200,Tract 009200,21387,7496,16180,2999,55521,28931,59150,10367,,,,,,,,
97,53033009300,Tract 009300,85750,14559,65658,18788,112500,15815,157361,95296,,,,,,,,
98,53033009400,Tract 009400,65255,11669,28710,23416,71420,19796,87333,40698,66667,8767,110324,12995,,,,
99,53033009500,Tract 009500,95075,25655,41632,13593,152794,32621,142697,95784,123631,46058,250001,,,,,
100,53033009600,Tract 009600,102569,25625,37433,11010,146471,35490,197381,87959,210966,85013,,,,,,
101,53033009701,Tract 009701,110368,20521,66507,13937,131250,20587,167031,102737,196765,28395,,,,,,
102,53033009702,Tract 009702,120189,10153,52885,23106,140208,27414,140714,59077,174875,11730,182054,53291,209338,94799,,
103,53033009800,Tract 009800,114212,15418,54332,5600,117621,27321,165526,20783,169158,4489,114531,73546,,,,
104,53033009900,Tract 009900,81066,12569,56934,7548,91140,18246,127321,29112,170026,27925,208375,157096,,,,
105,53033010001,Tract 010001,63891,9486,19886,14027,75341,22585,121250,69196,95278,40555,65787,31049,,,,
106,53033010002,Tract 010002,74953,9879,40115,4175,103542,29831,81250,16801,76897,55489,,,97143,61177,,
107,53033010100,Tract 010100,87188,22389,24712,13931,142361,31576,126618,53676,113429,12850,70000,41338,,,101815,52301
108,53033010200,Tract 010200,111026,20090,44000,16259,116250,18790,141176,41134,183611,27377,,,,,,
109,53033010300,Tract 010300,63493,15273,37939,15590,99523,13416,94816,57124,,,,,,,,
110,53033010401,Tract 010401,78407,15511,,,65982,15513,79527,21604,123798,26561,,,,,,
111,53033010402,Tract 010402,81979,9701,30000,20414,81683,16395,105156,35992,94861,38697,94400,28583,58942,29496,166250,75698
112,53033010500,Tract 010500,83245,6820,62538,15152,99375,21905,150357,129983,163750,63610,,,,,,
113,53033010600,Tract 010600,105896,9643,60128,17307,118516,11546,148281,35747,134669,68037,139028,66743,,,,
114,53033010701,Tract 010701,67617,6054,42522,25038,96287,9575,67339,15228,110862,27697,103750,74580,250001,,,
115,53033010702,Tract 010702,46731,8776,38750,15331,105652,94810,105179,67848,,,21123,5984,,,40889,20968
116,53033010800,Tract 010800,92756,13142,36838,6843,97569,23449,122045,26066,122763,31828,,,,,106136,75439
117,53033010900,Tract 010900,63536,14645,26875,12102,66797,8037,99625,23270,138125,53389,,,,,,
118,53033011001,Tract 011001,32247,4612,14778,5198,53586,23508,78636,57864,,,32426,28011,103000,24776,33090,9326
119,53033011002,Tract 011002,53300,10059,19825,19512,67083,31491,87098,17538,27206,22039,,,68611,34782,31384,13729
120,53033011101,Tract 011101,53295,3717,26420,17629,50705,8477,85820,7818,67143,55910,,,,,94837,43198
121,53033011102,Tract 011102,84491,16267,44211,17314,99750,39693,87857,37326,,,76424,10014,,,250001,
122,53033011200,Tract 011200,48864,13897,20172,10769,57065,5750,,,55905,18334,,,,,,
123,53033011300,Tract 011300,56629,9391,31141,3109,90417,25661,88107,26880,66496,17970,90809,30100,,,,
124,53033011401,Tract 011401,68333,7389,57639,14498,76100,16920,49091,41321,71103,70802,120139,61837,93462,28726,,
125,53033011402,Tract 011402,50285,5018,25919,7010,73281,17962,74338,28165,46042,23367,73152,30903,,,,
126,53033011500,Tract 011500,99706,21283,47381,5830,111406,10513,141696,46439,139412,19286,,,205370,141657,,
127,53033011600,Tract 011600,107201,12735,60469,12561,111114,8259,168684,23052,208750,84453,250001,,,,,
128,53033011700,Tract 011700,83786,5820,27165,10235,81985,6446,82885,5327,86075,11100,127978,1258,130313,78818,149808,55702
129,53033011800,Tract 011800,58827,10195,30987,16806,84459,24869,60575,17780,98036,20929,43469,42117,65577,57664,,
130,53033011900,Tract 011900,93862,13664,49250,16215,103289,20820,101500,41414,177250,52313,,,94830,87668,250001,
131,53033012000,Tract 012000,104474,12894,51053,11910,125380,21370,190606,25170,187692,90038,80982,55274,,,,
132,53033012100,Tract 012100,116836,10695,60089,16883,140625,25397,202750,122696,190804,80386,123333,43167,,,,
133,53033020100,Tract 020100,115058,13911,38409,13010,109234,15232,145446,24732,190139,83865,,,250001,,,
134,53033020200,Tract 020200,85398,14440,26451,7841,86944,20341,130368,60538,165536,61658,,,190714,102183,,
135,53033020300,Tract 020300,66734,8335,31591,9317,78934,11144,89773,38839,83516,22302,158077,71810,146875,10429,,
136,53033020401,Tract 020401,71033,2895,36964,14132,71882,5334,98750,70224,110547,41091,110781,61905,,,,
137,53033020402,Tract 020402,93811,7331,45429,25195,109500,13982,106696,40537,132917,32133,,,,,,
138,53033020500,Tract 020500,71607,15602,27422,7324,91548,12689,110664,29761,108565,28102,,,119732,91360,,
139,53033020600,Tract 020600,86750,22268,50947,3648,97083,31314,145385,43867,130439,3801,112083,22285,139167,33864,,
140,53033020700,Tract 020700,74643,17390,49628,7371,81771,28329,98750,47796,118438,56920,149018,42638,,,,
141,53033020800,Tract 020800,107544,10578,52917,28262,115217,16747,133906,26662,175417,9570,185278,48359,,,,
142,53033020900,Tract 020900,93036,19884,45469,28034,93690,24087,105500,26593,160385,35289,,,133047,4851,,
143,53033021000,Tract 021000,90806,14162,46094,13286,96500,10660,100368,27376,117560,39983,112101,29439,,,,
144,53033021100,Tract 021100,81207,5036,34653,15414,84800,25489,103875,23355,95063,22803,89038,31530,,,,
145,53033021300,Tract 021300,80227,9029,41700,9815,83688,3334,122031,65901,106625,60997,99551,81846,,,,
146,53033021400,Tract 021400,113438,14681,43750,24326,142639,44486,117679,16866,136528,61012,100000,63080,250001,,,
147,53033021500,Tract 021500,125481,10825,61250,20831,127865,6709,141375,56730,159545,52334,205938,160595,250001,,,
148,53033021600,Tract 021600,125339,11445,42734,10366,135469,15017,126406,3545,159861,43533,,,,,,
149,53033021700,Tract 021700,81796,8203,43750,10759,92238,41409,138831,50215,111949,16319,,,,,,
150,53033021802,Tract 021802,93750,16841,38889,22279,104875,30705,115670,20317,150338,37795,137905,127696,,,,
151,53033021803,Tract 021803,84362,11485,50300,17045,80673,18229,123333,22180,136172,37577,178125,53267,,,,
152,53033021804,Tract 021804,83125,21251,35139,16185,89554,38302,142794,19777,129141,21605,,,106198,21729,,
153,53033021903,Tract 021903,95313,13593,45833,13960,102656,25679,106667,56118,152847,64081,153964,3672,,,136991,119405
154,53033021904,Tract 021904,99051,6860,53000,16817,101094,8922,101528,20449,129375,32503,128250,29980,250001,,,
155,53033021905,Tract 021905,92333,13130,66250,24812,97560,19828,104702,27756,140625,38560,,,99375,20417,,
156,53033021906,Tract 021906,97670,19165,52731,16989,110208,23141,103542,79448,125536,54347,84773,38317,,,104330,85858
157,53033022001,Tract 022001,109943,21315,53713,13066,109844,40225,154338,63687,143750,25618,,,73558,45417,,
158,53033022003,Tract 022003,111497,6688,57587,13154,110861,10537,124028,10180,143063,22985,103393,52621,,,,
159,53033022005,Tract 022005,94390,17284,70758,13527,109702,26559,94342,32851,126313,21294,131920,43114,,,,
160,53033022006,Tract 022006,90270,14740,58382,15535,91985,30850,108063,33798,174732,104574,179375,178630,,,,
161,53033022101,Tract 022101,119653,14429,46528,27341,116938,25176,153333,14586,140156,22770,145909,56611,,,,
162,53033022102,Tract 022102,126269,15144,64833,11590,101742,22796,147109,16613,189514,32805,180114,39980,116125,115734,,
163,53033022201,Tract 022201,100069,9838,51625,18987,87813,15532,116750,24604,127381,35402,168333,57099,250001,,,
164,53033022202,Tract 022202,106391,14640,57574,19450,122682,17805,132344,10610,118438,41952,148021,77700,,,,
165,53033022203,Tract 022203,135200,20032,49063,34976,122391,14999,199196,87078,222974,30074,185972,104096,,,,
166,53033022300,Tract 022300,166786,27502,62917,33787,109531,47286,214545,13831,234286,77409,223125,171766,,,,
167,53033022400,Tract 022400,118382,16979,50263,25257,105424,24260,206100,43079,250001,,227438,25854,106364,86828,,
168,53033022500,Tract 022500,125600,12916,68045,21417,146331,8154,109961,77523,250001,,250001,,,,,
169,53033022603,Tract 022603,99696,30108,32063,14882,117432,10277,140268,74317,132007,35971,194821,96261,,,,
170,53033022604,Tract 022604,127750,10531,84097,18818,117566,20227,185375,38521,152188,32748,113889,92061,,,,
171,53033022605,Tract 022605,103112,13264,71667,23431,105575,9810,112574,50633,71438,63395,,,163281,8230,,
172,53033022606,Tract 022606,110625,15581,62365,15767,116685,52868,168333,39496,122500,112186,138750,33151,,,,
173,53033022701,Tract 022701,134665,8262,78125,16383,156534,14530,180417,42597,250001,,250001,,,,,
174,53033022702,Tract 022702,143920,22853,53625,30433,157150,16574,240313,60343,201146,116808,209479,158903,,,,
175,53033022703,Tract 022703,127708,17639,69583,34559,116500,30138,187750,63735,165083,32810,213333,70927,,,,
176,53033022801,Tract 022801,100903,14233,63799,20217,122606,37287,109375,32112,204474,149449,250001,,,,,
177,53033022802,Tract 022802,128088,9668,85804,35425,118650,22653,142407,22767,210750,33396,153194,52344,250001,,,
178,53033022803,Tract 022803,136250,26195,74239,61333,144904,20985,142188,47712,139865,73965,172325,119535,,,,
179,53033022901,Tract 022901,145221,34219,72750,53142,129028,36266,151477,76204,135536,89649,250001,,,,,
180,53033022902,Tract 022902,163032,24219,90694,47810,152147,37764,139118,64512,212292,36167,,,186419,82537,,
181,53033023000,Tract 023000,135185,13680,62222,19401,116563,30677,140724,19263,186786,34766,173750,30411,196563,118203,,
182,53033023100,Tract 023100,119567,15186,66250,41985,111023,34502,149327,9242,127353,67629,146000,30351,,,,
183,53033023201,Tract 023201,97241,12160,50449,16919,85486,31024,125541,44781,161071,105598,215255,211561,,,,
184,53033023202,Tract 023202,58846,9479,33990,6893,76563,20324,81518,38951,65071,34117,93750,92474,,,,
185,53033023300,Tract 023300,98805,11128,,,86100,40867,99578,10954,180400,47827,81103,47216,,,,
186,53033023401,Tract 023401,84583,11609,56944,39812,77125,36800,86719,38362,137619,29691,130682,19373,,,,
187,53033023403,Tract 023403,117917,14302,50921,16132,99934,26600,191875,60587,167500,56615,176429,60668,209018,90013,,
188,53033023404,Tract 023404,152750,11955,48438,32091,148409,41907,156429,32675,192847,28465,250001,,,,,
189,53033023500,Tract 023500,127200,15595,71100,18370,118906,18195,169167,36951,153889,27815,,,,,,
190,53033023601,Tract 023601,106000,15154,47120,10459,116607,22892,132639,27653,120417,19700,,,192734,24304,,
191,53033023603,Tract 023603,102580,15882,75215,11349,91111,34983,99345,33305,123482,41824,250001,,,,,
192,53033023604,Tract 023604,72942,15007,50792,8096,73950,24628,110888,28977,53766,53347,218594,121323,,,,
193,53033023700,Tract 023700,121250,15354,60750,15503,118583,33827,144886,25743,196932,68774,250001,,,,250001,
194,53033023801,Tract 023801,103875,21794,72639,26198,100357,25689,111484,53722,208750,101490,,,,,,
195,53033023803,Tract 023803,107927,12070,77500,19977,133750,46703,189638,156836,213819,62510,,,,,,
196,53033023804,Tract 023804,115343,14034,90510,12144,160625,25351,108050,39784,223897,176268,,,,,,
197,53033023900,Tract 023900,163864,27845,89514,33832,163409,74903,166827,59654,232955,29440,200156,89814,144038,88790,,
198,53033024000,Tract 024000,140026,14641,67158,38185,171830,24835,202375,72067,212917,123314,195489,98520,250001,,,
199,53033024100,Tract 024100,222500,26036,94375,34189,193125,23663,206250,46906,250001,,250001,,250001,,,
200,53033024200,Tract 024200,196250,39178,41652,24185,166563,54296,250001,,250001,,250001,,,,,
201,53033024300,Tract 024300,111950,19613,49914,11815,127153,21037,187153,63952,231250,33953,250001,,,,,
202,53033024400,Tract 024400,96563,12057,55694,18569,113889,18823,85208,29656,250001,,209250,93098,,,,
203,53033024500,Tract 024500,202827,25841,94097,16011,129853,32692,226875,42029,250001,,250001,,,,,
204,53033024601,Tract 024601,203313,43058,,,221094,49629,125982,43411,250001,,247500,85308,,,,
205,53033024602,Tract 024602,216488,26502,106591,28930,191000,57972,197875,81953,250001,,250001,,,,,
206,53033024701,Tract 024701,91938,18300,46719,22539,89150,16871,117946,37791,123583,42086,139028,48618,,,,
207,53033024702,Tract 024702,122647,22138,62521,4946,124219,32690,161250,80689,165357,48490,136111,85088,,,,
208,53033024800,Tract 024800,96471,13705,63405,22160,140446,34367,98150,57175,103347,28069,125357,46326,,,,
209,53033024901,Tract 024901,147450,22030,59531,34471,123654,15386,123438,8793,226719,53961,159531,70747,224500,101605,,
210,53033024902,Tract 024902,158909,10182,68500,33460,105625,65195,180391,31352,167798,31678,213839,14989,137250,102400,,
211,53033024903,Tract 024903,170119,19516,80104,73358,161278,32905,170547,22711,228618,100217,209000,16727,250001,,,
212,53033025001,Tract 025001,122063,15339,73224,27822,105833,32140,163750,42381,183375,45834,111250,24109,130972,49263,,
213,53033025003,Tract 025003,152560,29014,63578,7372,143542,42869,139464,106242,169356,80089,191042,47783,,,,
214,53033025005,Tract 025005,120231,14514,68705,11188,121875,18879,157727,50827,221188,11884,250001,,236250,130114,,
215,53033025006,Tract 025006,151820,28683,83333,30051,135750,45198,215163,58298,189254,26891,211250,164625,,,,
216,53033025101,Tract 025101,87448,13946,48839,16292,99556,14252,85335,44587,134779,84167,,,,,,
217,53033025102,Tract 025102,100069,14160,55000,46215,74243,14618,122500,41500,144861,32198,104625,72644,199539,79454,,
218,53033025200,Tract 025200,97250,17313,40072,7926,120347,10065,93596,21339,126339,51866,129625,29415,186343,124063,,
219,53033025301,Tract 025301,81216,11065,65417,15137,88750,17132,104864,14939,76307,73239,101944,69167,,,,
220,53033025302,Tract 025302,47755,10532,33839,17225,63207,13162,,,45856,11487,,,,,,
221,53033025400,Tract 025400,59952,7440,43000,15717,76658,14939,57321,26566,67533,38182,75764,24064,119766,31245,,
222,53033025500,Tract 025500,66433,12063,40962,14568,66667,26005,76125,33452,110107,46656,105531,15972,73083,35218,57917,2496
223,53033025601,Tract 025601,72500,8247,37891,5715,71667,9900,146875,89165,96607,17531,,,59313,37758,,
224,53033025602,Tract 025602,113682,11496,75156,43047,125563,53626,116875,30128,135700,46107,128750,73229,,,105962,14705
225,53033025701,Tract 025701,62953,3484,43611,6161,74167,13875,92434,25462,129861,45951,,,,,77750,2635
226,53033025702,Tract 025702,100461,10437,48333,25790,97768,10413,141625,39577,117083,28550,145491,77962,,,,
227,53033025803,Tract 025803,67985,5616,51094,10920,84527,6544,66042,32828,97443,23566,74450,10223,61295,5077,,
228,53033025804,Tract 025804,82222,17025,39500,15638,63750,20925,104457,22658,104583,22278,151477,4746,52800,12464,133438,53081
229,53033025805,Tract 025805,66633,5574,49236,12748,84144,14061,66266,14130,65000,25108,102669,38233,84779,67479,,
230,53033025806,Tract 025806,85031,7654,63047,32020,86581,11449,78295,38722,89130,21319,101298,67398,101595,87428,,
231,53033026001,Tract 026001,93571,15594,74336,28264,98114,30620,106118,18838,89375,37660,59276,3537,,,145109,42230
232,53033026002,Tract 026002,58335,4588,43125,15422,59587,12632,74175,25286,42294,31941,,,,,108396,59797
233,53033026100,Tract 026100,52242,5650,29175,13086,54196,8057,52054,27854,,,51023,20932,116563,79353,,
234,53033026200,Tract 026200,59225,10717,35368,12854,64956,8181,71389,41387,107981,13430,155057,85251,,,,
235,53033026300,Tract 026300,75040,15143,31667,11278,77321,38631,128125,82219,76058,13195,116250,95367,,,96382,1150
236,53033026400,Tract 026400,53877,8151,30167,14488,70082,13630,,,,,70174,53619,65515,41598,,
237,53033026500,Tract 026500,39301,11491,22371,5012,46064,16464,57500,31143,52275,19883,39427,8673,,,,
238,53033026600,Tract 026600,74395,15324,42443,10072,61823,14149,116910,20203,,,,,,,,
239,53033026700,Tract 026700,83919,18722,45460,14553,99688,36292,111328,22254,,,,,,,,
240,53033026801,Tract 026801,49260,7840,29490,14902,56406,21546,47639,12373,47750,19065,125847,61025,,,,
241,53033026802,Tract 026802,53750,9800,29695,6146,55703,19028,,,79539,69321,110682,46775,,,96667,86024
242,53033027000,Tract 027000,54844,9759,50167,18246,50809,11393,51667,17787,62981,54084,106211,2904,125208,38400,,
243,53033027100,Tract 027100,43646,7252,29159,9572,40368,9097,76402,19542,57344,52041,61131,35165,,,,
244,53033027200,Tract 027200,59438,25989,20313,11337,95469,13580,50750,12341,110234,32758,112955,109649,98667,96928,,
245,53033027300,Tract 027300,57448,7180,37847,2533,66061,15797,49453,10235,69250,51952,95938,3188,,,58684,10579
246,53033027400,Tract 027400,75449,8575,36111,12749,90595,10118,87250,23019,81250,25678,92045,29200,103203,38355,,
247,53033027500,Tract 027500,60989,7258,29740,11019,72973,16738,68913,30860,44714,28968,67836,2079,19479,11878,,
248,53033027600,Tract 027600,77455,13651,47750,20400,81250,36019,85667,81197,131042,84767,54500,38077,,,88015,38775
249,53033027701,Tract 027701,71444,17556,30410,13905,132727,19394,90231,29717,96951,53046,77266,51215,,,,
250,53033027702,Tract 027702,90487,20767,36855,11417,107741,16444,115000,83405,154688,11606,104412,72056,,,,
251,53033027800,Tract 027800,100077,14530,45625,14593,100732,12655,131944,61656,134238,31248,,,,,,
252,53033027900,Tract 027900,60482,8666,34746,11549,61558,12874,139554,14621,83087,42026,108311,32027,93897,31158,132019,93450
253,53033028000,Tract 028000,49773,3839,38594,8760,51157,7108,64274,9534,119167,53919,123053,83354,46190,19180,,
254,53033028100,Tract 028100,61985,7212,19783,10731,66343,4815,74545,16127,62361,18995,,,52750,26158,145231,19844
255,53033028200,Tract 028200,57267,8024,31495,10924,62469,5310,121055,37266,75947,24042,,,90357,41099,,
256,53033028300,Tract 028300,83897,10337,55882,17249,93750,14503,107321,18786,81818,20272,137188,38315,158986,614,,
257,53033028402,Tract 028402,51006,6513,38510,22444,46042,10159,44972,13620,,,104875,39581,106250,19505,102750,77713
258,53033028403,Tract 028403,48212,7785,30953,3142,56528,40814,61875,52607,102643,95352,56654,15554,,,,
259,53033028500,Tract 028500,69036,6357,26250,10867,74231,16868,109643,51416,69583,42009,101563,31542,,,,
260,53033028600,Tract 028600,84964,14883,35266,4050,119720,9263,108015,62609,140417,62321,250001,,,,,
261,53033028700,Tract 028700,85598,12806,53984,16157,86719,20330,93250,43027,102639,19547,,,,,129583,65828
262,53033028801,Tract 028801,63692,2961,33355,11267,64942,14808,116563,95709,69531,42057,109583,11593,,,117125,44549
263,53033028802,Tract 028802,54879,13777,43281,8536,64271,19851,64387,15752,,,49194,28632,120481,106744,,
264,53033028901,Tract 028901,72513,9789,42007,5811,90519,22752,106806,66884,,,,,,,,
265,53033028902,Tract 028902,51048,6378,49282,6447,66167,43376,62578,9306,32035,8856,47727,37497,,,,
266,53033029001,Tract 029001,72835,10077,44444,9396,92784,19011,82375,43269,95809,32983,,,,,,
267,53033029003,Tract 029003,51507,8813,33750,17976,43750,26904,79643,47691,72384,72092,51535,7713,,,,
268,53033029004,Tract 029004,38295,10527,24734,19581,60217,20954,33529,14034,33203,30637,60603,34118,,,,
269,53033029101,Tract 029101,81143,13884,58110,16669,105417,25262,140655,40794,44583,17346,108750,63548,120417,59406,,
270,53033029102,Tract 029102,92782,6894,36103,8728,92727,19330,100547,43701,107964,32020,93857,413,96875,91569,170307,34634
271,53033029203,Tract 029203,39835,17048,19059,5834,67132,14783,45000,29245,51442,31874,53945,27043,,,,
272,53033029204,Tract 029204,67423,6056,41811,10677,71287,13728,71026,20155,117083,56552,51985,49723,123304,39807,,
273,53033029205,Tract 029205,68186,6593,48690,6540,74738,18643,73040,29414,116179,28051,,,,,,
274,53033029206,Tract 029206,32554,4017,21463,4952,49079,17127,41645,22987,39545,32442,,,,,,
275,53033029303,Tract 029303,65799,6220,36750,12536,69333,16874,102169,22648,83922,12753,45625,37250,,,,
276,53033029304,Tract 029304,92531,7995,50335,18167,86983,14410,107000,46394,114940,17439,94954,29003,148977,115379,161333,48049
277,53033029305,Tract 029305,107153,17301,72500,47003,117768,35429,95179,50089,89583,65779,164152,34449,160069,42917,83333,44150
278,53033029306,Tract 029306,95300,14929,64107,22356,78333,7175,98281,16222,140577,41795,151810,2309,113167,53595,153281,70842
279,53033029307,Tract 029307,102566,14399,40590,11172,100875,29739,121600,31428,115833,46937,155714,52408,84808,23328,131131,23289
280,53033029403,Tract 029403,79158,6111,43947,27420,84145,13815,98958,16622,73922,44998,149250,86073,82647,29774,78950,56270
281,53033029405,Tract 029405,84271,12876,62891,21562,70250,8484,95250,25283,132750,15421,95000,23012,,,,
282,53033029406,Tract 029406,98889,12618,56500,13886,92083,19029,112679,49782,127446,30806,90750,52524,173405,101018,139375,81388
283,53033029407,Tract 029407,53056,8601,37250,12520,56750,6462,38859,16812,78015,22721,99773,29953,,,,
284,53033029408,Tract 029408,50817,13996,32969,12923,62198,19410,54135,35273,78611,27409,120605,117576,,,,
285,53033029502,Tract 029502,96917,14738,,,101182,23483,108859,18867,104904,46154,104083,46616,,,,
286,53033029503,Tract 029503,45804,10555,32906,3968,67348,16725,52083,43798,36772,16708,19460,10816,150036,89935,62105,57545
287,53033029504,Tract 029504,46697,7811,32596,19123,47031,23070,48388,10313,69167,55544,,,,,,
288,53033029601,Tract 029601,73610,5820,71071,15790,73710,14686,95481,47805,77778,36095,,,,,,
289,53033029602,Tract 029602,119423,12716,91731,28508,112067,14961,131417,17530,151406,43118,136563,110308,120982,90234,,
290,53033029700,Tract 029700,51362,9433,28608,11264,54306,13420,96875,57471,42411,23624,122165,66446,58707,19320,,
291,53033029801,Tract 029801,68762,3212,49280,7738,71383,13364,51053,34549,68517,13825,108417,104841,117083,45019,250001,
292,53033029802,Tract 029802,90133,13633,53676,27522,98417,24257,112574,34733,96406,20193,64421,20456,,,74808,42907
293,53033029901,Tract 029901,83264,8560,59444,7790,100938,22806,84125,25380,90313,26672,102941,52231,83536,13622,,
294,53033029902,Tract 029902,92632,11212,,,103289,24457,86111,55509,102644,15552,99500,69812,,,,
295,53033030003,Tract 030003,68449,9884,38272,19413,71625,9094,76850,24439,101641,32370,61656,36010,,,,
296,53033030004,Tract 030004,51689,5831,39311,16198,53253,10493,115958,43967,,,47982,12768,81723,62185,,
297,53033030005,Tract 030005,62036,12852,44219,16342,77563,7586,70000,20034,37432,18118,45703,22152,148224,71181,,
298,53033030006,Tract 030006,46488,13996,17000,5564,48349,5943,68500,13377,63750,11898,119792,27440,158750,124990,,
299,53033030100,Tract 030100,97372,13786,44643,18545,114091,14987,108072,29866,,,85957,34219,,,,
300,53033030201,Tract 030201,66250,16373,34766,4436,75839,11065,81364,24168,74728,31429,68750,36377,208068,128536,,
301,53033030202,Tract 030202,65302,9890,37328,20747,61333,21759,92083,40017,79961,32176,99917,94926,,,,
302,53033030304,Tract 030304,81054,13235,36900,9353,71054,8113,96750,24181,144135,48391,,,26528,13715,,
303,53033030305,Tract 030305,65483,12857,40833,22912,104800,13670,144792,97603,54318,23399,80767,45930,,,,
304,53033030306,Tract 030306,89736,18166,47719,8151,101875,11930,86032,5165,158125,65180,111500,61101,114732,59731,,
305,53033030308,Tract 030308,70550,11571,42459,10293,73078,15305,79444,38394,63631,45000,124917,45142,100852,49270,65197,20555
306,53033030309,Tract 030309,63158,5885,52266,11353,74322,19601,62043,7879,104423,80383,103594,80633,,,,
307,53033030310,Tract 030310,83611,7326,46316,18114,92500,18280,92361,37316,109191,32677,96750,41606,,,,
308,53033030311,Tract 030311,83442,6102,67734,37143,67188,26558,88750,32048,91607,28524,111157,13537,111855,64570,,
309,53033030312,Tract 030312,63897,13051,35192,16541,68052,25900,90586,26430,92589,39869,72917,26711,,,,
310,53033030313,Tract 030313,47297,9173,29870,6786,56890,4471,59679,4035,31607,14462,,,,,61483,1016
311,53033030314,Tract 030314,41359,6367,25382,12352,74412,41960,44297,19648,67102,24520,40625,8231,,,,
312,53033030401,Tract 030401,82955,19733,38925,19867,85729,26144,94972,23007,81114,73487,,,,,101514,28597
313,53033030403,Tract 030403,79394,6011,44448,17318,75720,12652,96398,15100,93000,27076,248341,32775,,,,
314,53033030404,Tract 030404,96489,14720,54306,19791,106250,29430,103813,17562,105583,52279,136250,31949,,,178077,148559
315,53033030501,Tract 030501,30756,5679,17821,4144,43705,3416,71875,14056,50417,48037,,,,,,
316,53033030503,Tract 030503,48019,11750,27794,15664,49673,17107,81425,7722,83233,37226,96250,78414,,,,
317,53033030504,Tract 030504,60558,6695,39236,12580,65600,13426,88750,15143,53333,44985,57400,24368,,,,
318,53033030600,Tract 030600,63516,6986,43636,12370,62500,10510,100208,59110,86364,56018,,,,,92628,80128
319,53033030700,Tract 030700,50191,8644,34096,5499,46776,11646,75815,18547,50648,38597,95486,65767,,,,
320,53033030801,Tract 030801,46496,9051,27132,14844,55123,11037,56195,10424,41771,20918,35250,32451,,,96667,84898
321,53033030802,Tract 030802,50926,6206,38086,13780,54872,21397,85833,20071,60000,56265,,,79250,27591,,
322,53033030901,Tract 030901,70234,11285,42500,9054,81319,19119,84375,32460,56917,41324,91389,67242,68365,41129,,
323,53033030902,Tract 030902,59924,7245,37222,11353,51829,11076,68098,16052,90588,38256,61125,34290,,,,
324,53033031000,Tract 031000,114792,20116,50469,24208,126607,18850,152054,17540,114028,52221,152589,41714,130972,15000,,
325,53033031100,Tract 031100,64802,5161,33304,6813,63879,2934,78352,33326,101932,19030,83950,3802,54362,33212,84375,26354
326,53033031202,Tract 031202,96667,22297,49464,23898,91538,19755,171779,32193,117679,89749,108775,73638,54693,49207,,
327,53033031204,Tract 031204,90781,18006,59797,10636,95461,25568,142981,31659,139309,92931,82857,78924,,,,
328,53033031205,Tract 031205,82917,12157,51985,43220,80900,17898,91971,54112,86393,55538,,,113558,59257,213074,119391
329,53033031206,Tract 031206,75649,11443,46522,7148,77800,14818,92917,56744,83008,18135,89375,34019,,,,
330,53033031301,Tract 031301,75476,14981,42292,20804,81042,15683,102961,54031,117917,61011,,,42656,21908,180875,42825
331,53033031302,Tract 031302,51559,5528,32981,6433,51806,22602,58966,49470,84219,43996,93313,34939,,,,
332,53033031400,Tract 031400,59833,11125,37667,8761,72833,24437,120147,74431,105875,32660,81307,22655,,,,
333,53033031501,Tract 031501,92279,17185,19543,18681,89476,28374,118652,1271,96991,25672,123906,48654,,,250001,
334,53033031502,Tract 031502,77593,15484,33681,12400,77014,25704,125139,54576,131667,38294,150962,42353,140000,26121,70156,7314
335,53033031601,Tract 031601,109764,3980,65104,39306,110375,13837,113750,23862,119702,32264,135625,31636,,,,
336,53033031603,Tract 031603,110139,20976,16667,13592,95179,46832,125208,25626,117386,34738,154018,17951,155000,102498,244219,45856
337,53033031604,Tract 031604,97041,3154,61818,33067,94583,20536,106250,34100,119348,22936,96912,15232,114750,11369,118802,38380
338,53033031605,Tract 031605,104883,7389,60625,46473,102361,17763,144917,34014,122024,80090,,,,,,
339,53033031703,Tract 031703,95313,10095,34375,9860,97833,8198,113583,30400,136544,59123,133917,85653,,,,
340,53033031704,Tract 031704,102639,10298,107750,43307,114583,27479,96429,19216,131458,23538,89583,59652,,,93333,47559
341,53033031705,Tract 031705,110551,17958,56823,17588,110833,23086,125795,39555,97125,56727,140455,63255,,,,
342,53033031706,Tract 031706,88791,10957,37134,12708,95902,16217,80546,18763,104786,15705,161563,89562,,,,
343,53033031800,Tract 031800,112050,11155,38594,22276,118661,38248,133581,7081,120859,20886,117813,56411,201053,68694,,
344,53033031903,Tract 031903,115493,14208,34491,25510,80179,24525,133879,6480,168000,51228,250001,,,,161000,90045
345,53033031904,Tract 031904,99722,13342,68452,19663,93920,21984,125726,45973,127500,59358,106510,23524,,,,
346,53033031906,Tract 031906,104330,6496,41429,3372,104947,7328,118750,40000,142969,56157,174250,82186,,,,
347,53033031907,Tract 031907,95658,15391,65174,14297,71250,19088,153278,25326,123045,18089,125109,52773,,,2499,
348,53033031908,Tract 031908,76978,8941,46891,13568,96442,13011,106477,46170,68393,30956,136838,41625,,,,
349,53033031909,Tract 031909,108256,12441,51429,11038,103125,25059,131417,81719,126667,22423,173333,82619,,,,
350,53033032002,Tract 032002,98274,11481,37656,12953,102386,9580,126154,75220,,,119625,55417,105682,15119,100769,39086
351,53033032003,Tract 032003,110063,6223,55833,36062,102375,23986,116271,10710,112940,9804,250001,,,,,
352,53033032005,Tract 032005,96250,7677,56335,18833,93735,5174,111886,8859,102266,79780,117250,19262,,,124167,59817
353,53033032006,Tract 032006,95408,7873,39408,6417,86705,16226,112266,35835,104482,52129,93750,48913,176818,101252,,
354,53033032007,Tract 032007,105268,23754,59479,23103,95363,19964,119125,32187,137171,28441,,,,,133854,85353
355,53033032008,Tract 032008,97688,7911,,,96250,13783,119545,45855,115673,38825,106111,35327,,,,
356,53033032010,Tract 032010,119466,14622,67917,53547,118955,22975,159688,58345,126912,46719,134875,43344,153071,86822,,
357,53033032011,Tract 032011,118548,15282,65282,32844,124907,45756,98633,15386,134760,7828,140833,15644,,,,
358,53033032102,Tract 032102,113651,12542,40556,33596,117857,13174,130172,39040,137813,31424,149688,113864,250001,,85806,14717
359,53033032103,Tract 032103,79073,8201,59688,25244,87230,19826,83271,12819,112411,59115,55539,42715,,,,
360,53033032104,Tract 032104,102806,15058,52356,13020,104917,24019,173125,44443,163854,9539,123750,123384,,,,
361,53033032203,Tract 032203,149743,7569,38906,9763,126250,30076,165069,52479,188309,31888,152188,123779,250001,,,
362,53033032207,Tract 032207,168068,29539,93125,30028,119844,19989,230761,45088,231346,22322,163875,94519,250001,,,
363,53033032208,Tract 032208,106971,13462,51924,11757,124500,16588,206250,190106,166289,61724,156953,52380,,,250001,
364,53033032210,Tract 032210,124252,8312,63750,30656,105139,37642,139917,27202,181957,31247,124531,76792,,,,
365,53033032211,Tract 032211,152059,12074,57279,28337,118264,18161,175605,12995,167500,16744,210729,50356,,,,
366,53033032212,Tract 032212,149385,15836,98049,37668,110833,33414,169534,39969,201750,45530,,,,,,
367,53033032213,Tract 032213,176389,31121,106010,19277,140750,31964,235301,39019,190729,34015,205469,33073,,,,
368,53033032214,Tract 032214,176375,13042,74602,49440,162617,13620,178625,17787,204000,42322,148289,11327,246023,75602,202727,128363
369,53033032215,Tract 032215,217574,17143,,,205720,48901,234750,68424,248333,37496,215469,35798,212917,17413,,
370,53033032307,Tract 032307,127434,21766,44018,12080,111994,23120,169038,41273,243482,79782,197202,105661,,,250001,
371,53033032309,Tract 032309,118770,9419,83547,28049,125250,20692,141472,22999,160313,32606,208250,122115,,,,
372,53033032311,Tract 032311,133603,36124,36319,34344,113472,11803,157647,52255,206667,53118,89792,73831,161285,20885,,
373,53033032313,Tract 032313,119250,8291,52083,28579,90787,8832,139464,30731,155727,30311,179063,82581,,,,
374,53033032315,Tract 032315,149688,17350,82692,22905,148333,23349,160556,13674,235625,69396,250001,,,,238646,61927
375,53033032316,Tract 032316,166591,29222,101250,31987,133864,67647,190625,42228,230521,16733,220054,110972,127308,89697,,
376,53033032317,Tract 032317,170063,18953,74826,28397,156615,61234,173304,19968,209201,25695,233750,113610,177857,78796,,
377,53033032318,Tract 032318,180761,21924,87969,42426,155500,28966,201094,55701,190324,18364,235809,87461,249643,173989,,
378,53033032319,Tract 032319,72569,8407,40726,16820,83224,18305,109286,45599,166429,38131,153775,25404,,,,
379,53033032320,Tract 032320,161806,35492,38750,18537,123542,15574,216953,50761,195000,64277,250001,,250001,,,
380,53033032321,Tract 032321,210341,19381,75208,69895,152604,59378,196691,30521,250001,,250001,,210114,51750,,
381,53033032322,Tract 032322,176607,19358,92731,64192,148750,54203,162500,35812,215804,14357,250001,,,,,
382,53033032323,Tract 032323,147525,14087,65530,29547,121696,36548,180556,30412,159375,54210,,,117589,35819,,
383,53033032324,Tract 032324,106855,14786,63824,19999,105000,42808,143667,34944,144464,83458,160313,77222,250001,,,
384,53033032325,Tract 032325,106197,7457,90441,42596,82848,37950,145263,26776,202765,70023,106985,87723,,,,
385,53033032326,Tract 032326,165000,38576,37298,12242,182813,63939,238125,32932,250001,,154318,55609,208333,163470,,
386,53033032327,Tract 032327,108080,9734,59808,34698,111630,8858,109167,32967,244167,88572,250001,,,,,
387,53033032328,Tract 032328,165425,21979,35714,19717,121000,24959,180156,56329,250001,,194583,69667,,,,
388,53033032329,Tract 032329,146596,11398,39276,18678,134011,4541,158676,75287,215083,20499,222422,18482,121429,76123,,
389,53033032401,Tract 032401,119813,15276,35991,12113,131071,49533,153313,59465,167578,104363,126900,23881,,,,
390,53033032402,Tract 032402,142738,27039,40083,39277,123162,35909,143417,86449,172371,27212,145809,63745,164861,146828,,
391,53033032500,Tract 032500,104583,5392,32311,7150,105366,5676,113295,24939,157692,22638,225625,189488,158750,111946,,
392,53033032601,Tract 032601,104776,14983,49297,20653,112857,22052,138229,71982,109250,26521,,,92303,92252,,
393,53033032602,Tract 032602,150943,11294,53000,13305,144044,17652,168103,11485,158598,24311,162794,30828,168264,48348,,
394,53033032702,Tract 032702,107044,12086,69894,27738,122292,16862,107930,7975,119464,61204,250001,,,,,
395,53033032703,Tract 032703,100260,18174,38036,20305,79500,11919,127857,28780,144875,45632,205833,19749,,,143000,105907
396,53033032704,Tract 032704,102348,9727,17045,5226,110970,9421,102321,27677,153661,43626,180799,8272,,,,
397,53033032800,Tract 032800,92377,12070,42891,12224,92157,17784,87366,79972,188250,49280,121500,26117,,,,
398,53033990100,Tract 990100,,,,,,,,,,,,,,,,
