Group,GEOID,ALAND20,AWATER20,Lat,Long,Shape_Leng,Shape_Length,Shape_Area
1,53033000101,414848,0,47.7301150,-122.2930741,8662.10098,8662.10098,4465061.74
2,53033000102,1495019,918878,47.7247297,-122.2845705,22442.91458,22442.91458,25981033.79
3,53033000201,1806749,0,47.7263725,-122.3160435,18651.59445,18651.59445,19446251.04
4,53033000202,1480085,0,47.7269637,-122.3026174,17285.85333,17285.85333,15930357.39
5,53033000300,1211013,0,47.7305259,-122.3329277,17298.15215,17298.15215,13034275.56
6,53033000402,1798938,0,47.7168585,-122.3523664,21397.1753,21397.1753,19362220.52
7,53033000403,669384,62871,47.7279716,-122.3536298,14097.21506,14097.21506,7881373.51
8,53033000404,599476,31541,47.7329839,-122.3497477,12962.8074,12962.8074,6791703.233
9,53033000500,2898252,953717,47.7224094,-122.3710555,29311.12068,29311.12068,41459300.09
10,53033000601,1431268,0,47.7167031,-122.3232436,20078.95648,20078.95648,15404952.58
11,53033000602,2355577,55191,47.7188129,-122.3363779,23221.70475,23221.70475,25947507.86
12,53033000700,1294438,0,47.7156896,-122.3018611,16134.02991,16134.02991,13932242.39
13,53033000800,1141931,0,47.7112517,-122.2860818,15312.08746,15312.08746,12290810.02
14,53033000900,1004853,1849039,47.7080031,-122.2748976,27230.78539,27230.78539,30716929.08
15,53033001000,954203,0,47.7064073,-122.2960632,13147.0306,13147.0306,10270271.69
16,53033001100,1060685,0,47.7065465,-122.306806,14159.12735,14159.12735,11416399.59
17,53033001201,1008240,0,47.7079921,-122.3273315,15899.77334,15899.77334,10851861.64
18,53033001202,821426,0,47.7060217,-122.3172561,13324.99009,13324.99009,8841145.884
19,53033001300,1180877,0,47.7022935,-122.3421875,14881.08705,14881.08705,12710036.99
20,53033001400,2152767,213389,47.7078795,-122.3674088,34964.76777,34964.76777,25467334.47
21,53033001500,1167711,526885,47.6979702,-122.3952683,19732.56675,19732.56675,18239275.93
22,53033001600,2020358,320118,47.7004649,-122.3798699,24422.82027,24422.82027,25190946.93
23,53033001701,892768,0,47.6963619,-122.3544843,17164.45478,17164.45478,9609026.085
24,53033001702,1280220,0,47.6965211,-122.3639488,17476.40751,17476.40751,13779275.76
25,53033001800,946085,0,47.6940568,-122.3419681,13946.10003,13946.10003,10182882.27
26,53033001900,1667272,0,47.6965229,-122.3262226,18948.48127,18948.48127,17945171.52
27,53033002000,1103313,28680,47.6953310,-122.3108025,15509.54571,15509.54571,12183878.82
28,53033002100,1365468,0,47.6953673,-122.2980453,16139.92186,16139.92186,14696796.74
29,53033002200,2804076,1154953,47.6941159,-122.2754574,39974.10587,39974.10587,42611837.56
30,53033002400,962528,0,47.6866167,-122.2879303,13151.71252,13151.71252,10359919.78
31,53033002500,984334,0,47.6838969,-122.3022793,16442.96859,16442.96859,10594634.3
32,53033002600,1216627,28175,47.6822031,-122.3113993,15933.9379,15933.9379,13398040.18
33,53033002700,1584847,0,47.6868572,-122.3310895,21942.83528,21942.83528,17058079.28
34,53033002800,988287,0,47.6851257,-122.3498985,13201.3113,13201.3113,10637151.82
35,53033002900,986209,0,47.6850872,-122.3606466,13366.31967,13366.31967,10614791.11
36,53033003000,1493249,0,47.6850958,-122.3740444,16061.94762,16061.94762,16072222.01
37,53033003100,2236733,472744,47.6877574,-122.3964308,27799.75814,27799.75814,29162680.12
38,53033003201,1152079,1354300,47.6752462,-122.4040825,28928.9486,28928.9486,26976829.1
39,53033003202,956016,0,47.6752342,-122.3942667,12945.39486,12945.39486,10289818.46
40,53033003301,669207,0,47.6759370,-122.3820154,11177.18133,11177.18133,7202858.494
41,53033003302,627071,0,47.6760080,-122.3712585,10550.81793,10550.81793,6749336.486
42,53033003400,787161,0,47.6740646,-122.3617462,12629.32293,12629.32293,8472471.715
43,53033003500,1284745,0,47.6725466,-122.352088,16634.34896,16634.34896,13828061.67
44,53033003601,674139,0,47.6749093,-122.326043,11894.28889,11894.28889,7255879.068
45,53033003602,522326,0,47.6801362,-122.3218336,11471.09438,11471.09438,5621886.085
46,53033003800,624606,0,47.6794093,-122.2955292,10392.53155,10392.53155,6722791.394
47,53033003900,973808,0,47.6794117,-122.2823414,13200.90921,13200.90921,10481334.98
48,53033004000,2574586,3232248,47.6817180,-122.252368,39161.13648,39161.13648,62500419.06
49,53033004101,1601973,3290570,47.6606400,-122.2694346,35452.4721,35452.4721,52660017.19
50,53033004102,1689910,2027249,47.6737465,-122.25175,33734.47135,33734.47135,40008776.49
51,53033004201,1244114,0,47.6716240,-122.277599,18286.14392,18286.14392,13390664.27
52,53033004202,1220977,0,47.6687521,-122.2907266,15651.66637,15651.66637,13141688.45
53,53033004301,979236,0,47.6694019,-122.3002215,17192.70375,17192.70375,10539780.57
54,53033004302,331137,0,47.6647387,-122.3035964,7987.274419,7987.274419,3564115.67
55,53033004401,694919,0,47.6712710,-122.3107454,12948.97514,12948.97514,7479571.761
56,53033004402,294988,0,47.6681501,-122.3147285,7487.979857,7487.979857,3175021.433
57,53033004500,670997,0,47.6685824,-122.3229111,11018.30209,11018.30209,7222109.888
58,53033004600,1552358,1033232,47.6830920,-122.3378674,25514.224,25514.224,27829368.76
59,53033004701,571393,176916,47.6654796,-122.3828943,13799.08763,13799.08763,8054301.314
60,53033004702,266414,0,47.6705130,-122.3778052,6956.449675,6956.449675,2867507.734
61,53033004703,1188631,155567,47.6643472,-122.3721352,18210.0892,18210.0892,14467955.03
62,53033004800,1278329,26886,47.6608472,-122.3601847,18971.66157,18971.66157,14048449.2
63,53033004901,497144,0,47.6613804,-122.3513529,9379.655767,9379.655767,5350888.216
64,53033004902,597604,17368,47.6527830,-122.3506012,11198.18663,11198.18663,6619147.794
65,53033005000,757380,0,47.6608696,-122.3418076,11560.14801,11560.14801,8151942.295
66,53033005100,881731,0,47.6585183,-122.332248,13462.59155,13462.59155,9490350.153
67,53033005201,699701,73218,47.6595743,-122.3245993,16063.50425,16063.50425,8319183.204
68,53033005202,269234,19268,47.6567013,-122.3203201,7939.719204,7939.719203,3105250.119
69,53033005303,2432843,749176,47.6540399,-122.3012544,24805.79594,24805.79594,34249105.92
70,53033005304,73030,0,47.6561001,-122.3150258,4083.126066,4083.126066,786047.0981
71,53033005305,212967,0,47.6590644,-122.3148784,6048.609222,6048.609222,2292236.616
72,53033005306,200489,0,47.6630891,-122.3141376,5954.872623,5954.872623,2157906.058
73,53033005307,130030,0,47.6630600,-122.3086776,4758.85069,4758.85069,1399526.48
74,53033005401,756239,615226,47.6475292,-122.3381077,18798.56546,18798.56546,14761543.71
75,53033005402,463900,0,47.6541050,-122.3411359,10063.79785,10063.79785,4993141.865
76,53033005600,3022785,1546484,47.6405468,-122.4071053,33933.62365,33933.62365,49180655.04
77,53033005700,5085640,2365806,47.6581015,-122.4137704,49994.61141,49994.61141,80202146.08
78,53033005801,1822365,260223,47.6548926,-122.3850376,21075.75901,21075.75901,22415556.17
79,53033005803,832097,0,47.6424544,-122.3878383,17129.19881,17129.19881,8956173.424
80,53033005804,2334443,1169687,47.6319354,-122.3774788,37828.32998,37828.32998,37716271.73
81,53033005901,778385,173882,47.6530716,-122.3696366,16252.05631,16252.05631,10249553.11
82,53033005902,1022976,0,47.6444414,-122.3684358,15184.22057,15184.22057,11010649.89
83,53033006000,1340653,160754,47.6432313,-122.3527936,19181.19173,19181.19173,16160202.99
84,53033006100,1198411,681782,47.6444403,-122.3222647,22036.09201,22036.09201,20237160.44
85,53033006200,2437426,239356,47.6391316,-122.3012264,35779.29243,35779.29243,28811213.48
86,53033006300,2610569,3533560,47.6350162,-122.2767793,38400.55404,38400.55404,66131582.05
87,53033006400,903649,0,47.6285398,-122.3048258,13186.77018,13186.77018,9726351.904
88,53033006500,1147619,0,47.6309633,-122.3177579,17921.50133,17921.50133,12352257.76
89,53033006600,1109813,838435,47.6280900,-122.3312907,19719.46205,19719.46205,20969750.76
90,53033006701,380256,105441,47.6324360,-122.3407805,11330.97652,11330.97652,5227746.334
91,53033006702,304748,0,47.6273058,-122.3456689,8593.864905,8593.864905,3280147.995
92,53033006703,597133,0,47.6345035,-122.3473591,10846.49304,10846.49304,6427171.884
93,53033006800,718106,0,47.6360306,-122.3564653,11275.37735,11275.37735,7729250.271
94,53033006900,905121,0,47.6343813,-122.3669907,15666.54395,15666.54395,9742176.65
95,53033007001,358281,0,47.6278767,-122.3603612,9530.302569,9530.302569,3856290.05
96,53033007002,441021,0,47.6285230,-122.3541023,9490.799057,9490.799057,4746869.845
97,53033007101,495054,0,47.6216965,-122.3530304,9004.947227,9004.947227,5328474.607
98,53033007102,335908,0,47.6231794,-122.3626414,11499.94075,11499.94075,3615500.898
99,53033007201,150744,0,47.6171374,-122.3460833,5873.216511,5873.216511,1622558.9
100,53033007202,280585,0,47.6153600,-122.340578,7591.701883,7591.701883,3020075.663
101,53033007203,579631,0,47.6220291,-122.3435701,12493.9648,12493.9648,6238804.943
102,53033007301,250787,0,47.6219263,-122.3308665,7422.610693,7422.610693,2699344.108
103,53033007302,312981,0,47.6163784,-122.3341111,7802.426354,7802.426354,3368769.265
104,53033007303,313527,0,47.6219789,-122.335832,7984.863522,7984.863522,3374596.393
105,53033007403,118559,0,47.6228951,-122.3227163,5227.495287,5227.495287,1276089.069
106,53033007404,153725,0,47.6230967,-122.3264852,5775.699987,5775.699987,1654579.828
107,53033007405,131830,0,47.6180293,-122.3235972,5012.79869,5012.79869,1418974.042
108,53033007406,150829,0,47.6193203,-122.3260062,6764.477241,6764.477241,1623443.827
109,53033007501,298283,0,47.6221056,-122.3167948,7219.623642,7219.623642,3210519.937
110,53033007502,315931,0,47.6176046,-122.316793,7403.629293,7403.629293,3400503.555
111,53033007503,187541,0,47.6138039,-122.317187,6484.389482,6484.389482,2018614.368
112,53033007600,571882,0,47.6218678,-122.3075858,9906.368336,9906.368336,6155389.389
113,53033007700,1058322,0,47.6191203,-122.2973516,15242.20976,15242.20976,11391208.22
114,53033007800,2097740,3632914,47.6141558,-122.2810958,36419.05977,36419.05977,61681580.69
115,53033007901,267231,0,47.6144349,-122.3108156,7879.40434,7879.404339,2876299.502
116,53033007902,431244,0,47.6143565,-122.3057243,9715.120877,9715.120877,4641637.8
117,53033008002,234314,0,47.6120898,-122.3453618,7998.382466,7998.382466,2522029.808
118,53033008003,197152,0,47.6161316,-122.3495916,8720.999422,8720.999421,2122043.711
119,53033008004,284626,526767,47.6150718,-122.3552018,16143.18133,16143.18133,8733362.416
120,53033008101,270324,277671,47.6074716,-122.3427956,11596.70207,11596.70207,5898349.555
121,53033008102,556705,91220,47.6052820,-122.336012,15148.09679,15148.09679,6973948.965
122,53033008200,375785,0,47.6102887,-122.3318896,9102.140341,9102.140342,4044773.826
123,53033008300,237955,0,47.6118181,-122.3280064,8632.134894,8632.134894,2561276.498
124,53033008401,250921,0,47.6123725,-122.3226009,9275.818268,9275.818267,2700766.609
125,53033008402,145446,0,47.6148658,-122.3260059,5220.868487,5220.868487,1565507.715
126,53033008500,450978,0,47.6049717,-122.3249555,9025.581615,9025.581615,4854121.319
127,53033008600,711350,0,47.6071013,-122.3166895,11640.72061,11640.72061,7656616.626
128,53033008700,732385,0,47.6059236,-122.3077909,11432.38421,11432.38421,7883013.17
129,53033008800,948581,0,47.6073299,-122.2976324,13202.52686,13202.52686,10210038.86
130,53033008900,1270033,1798066,47.6010291,-122.285229,27578.17343,27578.17343,33023503.59
131,53033009000,855872,0,47.5980274,-122.308902,14319.10299,14319.10299,9212173.197
132,53033009100,410621,0,47.5983847,-122.3217349,10608.38541,10608.38541,4419685.266
133,53033009200,338451,154864,47.6004609,-122.3335323,13268.58924,13268.58924,5309810.066
134,53033009300,9444110,639051,47.5771253,-122.330936,49011.18665,49011.18665,108530722.9
135,53033009400,1686311,0,47.5880988,-122.3099702,18874.58318,18874.58318,18150625.68
136,53033009500,2597717,2916270,47.5783426,-122.2831943,35036.66542,35036.66542,59350038.35
137,53033009600,1906922,1385222,47.5899898,-122.3882351,24828.04759,24828.04759,35435085.61
138,53033009701,1861358,1607123,47.5731929,-122.4101745,32892.42204,32892.42204,37333296.4
139,53033009702,2220441,0,47.5719337,-122.3960103,28258.76257,28258.76257,23899907.43
140,53033009801,1004708,0,47.5762555,-122.383143,13291.54908,13291.54908,10814248.94
141,53033009802,922319,0,47.5672342,-122.3830567,12982.75493,12982.75493,9927510.523
142,53033009900,6565170,2370735,47.5794536,-122.3550326,47330.82549,47330.82549,96182325.04
143,53033010001,2267156,60359,47.5673069,-122.3043618,25628.92453,25628.92453,25052474.61
144,53033010002,948077,0,47.5765865,-122.3095716,13732.76539,13732.76539,10204645.64
145,53033010101,871622,0,47.5657253,-122.2906975,15311.65671,15311.65671,9381810.131
146,53033010102,1623225,2170065,47.5660585,-122.2688521,30706.10243,30706.10243,40829514.83
147,53033010200,2795533,2076618,47.5564564,-122.2517138,32354.35859,32354.35859,52442196.74
148,53033010301,1002658,0,47.5521545,-122.2805848,16924.36851,16924.36851,10792262.46
149,53033010302,632167,0,47.5573770,-122.2858807,11267.2532,11267.2532,6804418.751
150,53033010401,1629874,0,47.5532095,-122.2955875,17342.9302,17342.9302,17543421.03
151,53033010402,1742871,0,47.5539478,-122.3101489,18925.04301,18925.04301,18759692.89
152,53033010501,742016,0,47.5576235,-122.3801107,12490.0968,12490.0968,7986746.715
153,53033010502,975912,0,47.5573014,-122.3896847,14546.13624,14546.13624,10504351.34
154,53033010601,1089233,0,47.5459808,-122.3816984,14458.83695,14458.83695,11724162.32
155,53033010602,1505061,817134,47.5476919,-122.3967392,25295.5537,25295.5537,24995369.99
156,53033010701,1457384,3664,47.5451419,-122.3675265,21302.36518,21302.36518,15726285.72
157,53033010702,780115,0,47.5467996,-122.3730587,14935.93024,14935.93024,8396926.793
158,53033010800,4140525,322633,47.5440342,-122.3498743,35902.63105,35902.63105,48039981.23
159,53033010900,5389781,414929,47.5408335,-122.3175563,37197.04892,37197.04892,62480158.8
160,53033011001,1080391,0,47.5384101,-122.2861704,16287.35531,16287.35531,11629041.07
161,53033011002,1719569,0,47.5405945,-122.2991995,22511.12677,22511.12677,18508908.46
162,53033011101,1136851,0,47.5394734,-122.2773089,15552.07435,15552.07435,12236718.08
163,53033011102,1303226,1143440,47.5424632,-122.2604403,27213.61742,27213.61742,26335224.91
164,53033011200,2483779,139646,47.5296655,-122.3262393,26523.19922,26523.19922,28237858.91
165,53033011300,3419308,42220,47.5273623,-122.343569,27177.75011,27177.75011,37259033.89
166,53033011401,1233155,0,47.5297061,-122.362028,17478.05916,17478.05916,13273369.14
167,53033011402,1186191,0,47.5206654,-122.3646254,17325.02627,17325.02627,12767866.85
168,53033011500,1538373,0,47.5301833,-122.375533,19887.30894,19887.30894,16558652.75
169,53033011601,1554538,184845,47.5235901,-122.3885434,22018.34661,22018.34661,18722267.97
170,53033011602,1565825,786358,47.5338344,-122.3952427,28931.93669,28931.93669,25318244.51
171,53033011700,3515808,0,47.5201682,-122.2828633,29531.83324,29531.83324,37843428.37
172,53033011801,1160802,630417,47.5278065,-122.2655724,19919.632,19919.632,19280233.23
173,53033011802,1139611,1037832,47.5187835,-122.2586613,21145.92707,21145.92707,23437535.01
174,53033011901,1682374,0,47.5049971,-122.2650093,20466.20779,20466.20779,18108773.09
175,53033011902,1580686,1217487,47.5100217,-122.2442425,34317.10128,34317.10128,30119075.64
176,53033012000,1437048,0,47.5128928,-122.3806115,16728.89388,16728.89388,15468128.2
177,53033012100,1739952,1380849,47.5075950,-122.3873799,30213.77725,30213.77725,33591769.81
178,53033020100,1766031,691541,47.7707111,-122.387361,20599.74637,20599.74637,26450756.51
179,53033020200,2591500,0,47.7716671,-122.3633577,21926.39704,21926.39704,27892229.1
180,53033020301,1262275,35402,47.7719079,-122.3410989,15860.05523,15860.05523,13966806.36
181,53033020302,1294795,10048,47.7673420,-122.3392599,15873.33602,15873.33602,14044025.48
182,53033020401,2313023,0,47.7708201,-122.3195433,25087.96818,25087.96818,24894950.96
183,53033020402,2789589,0,47.7695042,-122.2970351,25234.69975,25234.69975,30024263.19
184,53033020500,2722041,0,47.7562524,-122.3138057,23368.03422,23368.03422,29297340.98
185,53033020600,1980828,0,47.7559993,-122.3320996,19113.95903,19113.95903,21319644.78
186,53033020700,1711190,0,47.7561637,-122.3473227,18658.06598,18658.06598,18417504.66
187,53033020800,3299066,698711,47.7569770,-122.3716178,34662.87214,34662.87214,43028094.12
188,53033020900,4540884,636482,47.7432786,-122.3639033,31796.861,31796.861,55724362.59
189,53033021000,2629269,5753,47.7396007,-122.3357847,21313.7622,21313.7622,28360921.5
190,53033021100,2619718,0,47.7412054,-122.3128854,21355.35775,21355.35775,28196257.06
191,53033021300,1784010,1204136,47.7402939,-122.286956,28122.93539,28122.93539,32161666.59
192,53033021400,3136342,265701,47.7507662,-122.2924491,36082.14732,36082.14732,36616282.81
193,53033021500,3457612,438417,47.7643848,-122.2737863,29077.86661,29077.86661,41932838.35
194,53033021600,2863323,163654,47.7670311,-122.2582787,27105.76417,27105.76417,32579323.05
195,53033021701,2573147,0,47.7709407,-122.2375721,28237.30968,28237.30968,27694634.4
196,53033021702,3048769,0,47.7587336,-122.2334798,32303.01693,32303.01693,32813874.17
197,53033021802,4892727,0,47.7674671,-122.1726224,30443.77427,30443.77427,52660251.42
198,53033021803,3273126,0,47.7644399,-122.2145092,30494.09998,30494.09998,35228599.58
199,53033021804,3100405,0,47.7657296,-122.1963089,25062.29788,25062.29788,33369564.49
200,53033021903,3175189,10680,47.7176653,-122.1788517,31217.62998,31217.62998,34289992.7
201,53033021904,3419305,0,47.7229154,-122.1615736,28648.84071,28648.84071,36802368.06
202,53033021905,2683422,0,47.7430044,-122.1814339,32440.79437,32440.79437,28881810.25
203,53033021906,3783792,0,47.7406439,-122.1648554,34159.39511,34159.39511,40725250.16
204,53033022001,4477540,0,47.7453001,-122.1988962,31914.74803,31914.74803,48191982.06
205,53033022003,2254686,0,47.7257721,-122.1984943,20529.02945,20529.02945,24267408.16
206,53033022005,2421648,0,47.7116198,-122.1938925,22554.62426,22554.62426,26064530.89
207,53033022006,1409940,0,47.7043423,-122.1992669,20961.6197,20961.6197,15175432.19
208,53033022101,3593797,1650543,47.7418845,-122.255917,38132.90757,38132.90757,56445195.21
209,53033022102,4679991,0,47.7424731,-122.225926,36708.3447,36708.3447,50371036.4
210,53033022201,2290376,0,47.7263403,-122.2320467,22881.35189,22881.35189,24651554.85
211,53033022203,3134027,691133,47.7078701,-122.2247809,30509.06291,30509.06291,41170871.69
212,53033022204,1603105,0,47.7259013,-122.2150408,17859.91245,17859.91245,17254373.69
213,53033022205,1010783,0,47.7124231,-122.2132077,19082.62647,19082.62647,10879175.89
214,53033022300,5071395,5537735,47.7138279,-122.2495245,49982.47262,49982.47262,114187691.2
215,53033022401,2402491,0,47.6938359,-122.1997778,26729.00389,26729.00389,25858472.98
216,53033022402,2219492,4175839,47.6839644,-122.2157333,47140.88875,47140.88875,68834461.3
217,53033022501,2472567,0,47.6842794,-122.1881832,32099.22642,32099.22642,26612766.77
218,53033022502,1264562,230572,47.6742256,-122.1993098,18974.07725,18974.07725,16092548.53
219,53033022603,2888544,23234,47.6948197,-122.1716302,26446.46305,26446.46305,31340046.43
220,53033022604,2951989,0,47.6762219,-122.1739912,23941.24278,23941.24278,31773022.23
221,53033022605,4726391,0,47.6914611,-122.1557449,38521.06676,38521.06676,50871154.88
222,53033022606,2758122,27137,47.6689188,-122.1547915,22810.26875,22810.26875,29978533.95
223,53033022701,1607170,600718,47.6548917,-122.2056786,27805.9307,27805.9307,23764203.29
224,53033022702,2457576,0,47.6568498,-122.194254,23068.83892,23068.83892,26451623.56
225,53033022703,4190224,0,47.6573020,-122.1758428,27473.15017,27473.15017,45100646.68
226,53033022802,2660768,0,47.6634066,-122.1350036,22590.59385,22590.59385,28638582.76
227,53033022803,4772681,0,47.6439330,-122.1312723,31450.72007,31450.72007,51369959.11
228,53033022804,1021697,0,47.6379751,-122.1474819,15605.12837,15605.12837,10996859.38
229,53033022805,3842917,0,47.6486766,-122.1547452,31213.33279,31213.33279,41362573.59
230,53033022901,1485129,0,47.6366049,-122.1183889,19262.77236,19262.77236,15984956.86
231,53033022902,3537566,1705282,47.6403935,-122.102278,40309.29509,40309.29509,56430605.7
232,53033023000,3328634,2210425,47.6217389,-122.1029997,40860.40443,40860.40443,59619127.14
233,53033023100,2529558,1838407,47.5973918,-122.1103224,39027.08702,39027.08702,47014456.04
234,53033023201,1569244,0,47.6186878,-122.137617,17999.40105,17999.40105,16890416.79
235,53033023202,1491213,0,47.6178862,-122.1271368,17627.33059,17627.33059,16050581.37
236,53033023300,3589674,248744,47.6003452,-122.1289619,28242.64651,28242.64651,41314720.17
237,53033023401,3707558,0,47.5868216,-122.1468183,27632.09559,27632.09559,39906432.87
238,53033023403,3354192,1962037,47.5805595,-122.1141855,38239.00563,38239.00563,57221476.94
239,53033023404,1838932,1746971,47.5669902,-122.0852231,31149.46627,31149.46627,38597233.86
240,53033023500,2443751,0,47.5917924,-122.1734356,22264.05894,22264.05894,26303329.7
241,53033023601,4627061,0,47.6104071,-122.1717598,29796.04752,29796.04752,49803155.46
242,53033023603,2017794,0,47.6173889,-122.1507628,19096.14963,19096.14963,21718387.55
243,53033023604,2904411,0,47.5993994,-122.1538559,28206.69093,28206.69093,31261558.45
244,53033023701,4192703,0,47.6387236,-122.1767944,33123.1667,33123.1667,45127637.42
245,53033023702,3498742,18268,47.6240320,-122.1710306,30960.08339,30960.08339,37855022.11
246,53033023801,3621819,0,47.5956791,-122.1891073,30707.26337,30707.26337,38983488.27
247,53033023805,329175,0,47.6192553,-122.2016602,8010.15808,8010.15808,3543063.076
248,53033023806,234791,0,47.6192524,-122.1925281,6730.334721,6730.334721,2527159.782
249,53033023807,886421,0,47.6139313,-122.1999085,16374.27197,16374.27197,9540923.014
250,53033023808,308971,0,47.6119127,-122.1938322,7644.705665,7644.705665,3325575.269
251,53033023901,2453360,1775304,47.5946966,-122.2087645,28381.1739,28381.1739,45515241.97
252,53033023902,2470250,2350308,47.5690000,-122.1887548,46265.65368,46265.65368,51886545.6
253,53033024001,2811309,0,47.6320617,-122.199121,24227.08529,24227.08529,30259245.78
254,53033024002,1624655,240155,47.6183622,-122.2121125,25874.25128,25874.25128,20071712.89
255,53033024100,4469122,1617421,47.6445756,-122.2199938,38389.13644,38389.13644,65511653.69
256,53033024200,3704669,11442083,47.6348660,-122.2402688,74021.00883,74021.00883,163030283.4
257,53033024301,1381432,0,47.5820465,-122.233543,18863.58863,18863.58863,14869087.36
258,53033024302,2778562,8215200,47.5926899,-122.2449557,55341.24525,55341.24525,118331585
259,53033024400,1670874,514968,47.5788389,-122.2131521,24081.0782,24081.0782,23527457.07
260,53033024500,3838553,1901481,47.5664296,-122.2170417,41471.76465,41471.76465,61783541.03
261,53033024601,3968267,2707956,47.5484570,-122.2237277,47332.64024,47332.64024,71860641.52
262,53033024602,2893266,3542006,47.5311198,-122.2338107,36894.43078,36894.43078,69267586.35
263,53033024701,2637026,0,47.5615487,-122.1806659,28692.3898,28692.3898,28383992.93
264,53033024703,3750917,0,47.5280151,-122.1851357,29083.20147,29083.20147,40373925.81
265,53033024704,2649459,804870,47.5396112,-122.1898817,37844.44483,37844.44483,37181338.28
266,53033024800,3770491,0,47.5743868,-122.1520699,41309.82587,41309.82587,40583949.25
267,53033024901,3024840,0,47.5633934,-122.1568428,26964.37228,26964.37228,32558183.14
268,53033024902,2029991,0,47.5653697,-122.1337183,27975.80358,27975.80358,21849998.76
269,53033024904,2083512,0,47.5461877,-122.1463703,32623.34315,32623.34315,22426228.87
270,53033024905,2880072,0,47.5542223,-122.1375616,34391.71678,34391.71678,31000015.45
271,53033025001,3696779,28798,47.5379558,-122.1689468,40869.8327,40869.8327,40100945.49
272,53033025005,7684828,0,47.5306824,-122.1466867,41530.76543,41530.76543,82717483.41
273,53033025006,22409780,0,47.5269279,-122.0986626,70104.80787,70104.80787,241213247.4
274,53033025007,4176855,0,47.5529149,-122.1054184,37654.61314,37654.61314,44958166.96
275,53033025008,2260533,0,47.5638066,-122.1122579,23999.41967,23999.41967,24331506.18
276,53033025101,2935516,0,47.5093920,-122.1549957,25224.03966,25224.03966,31597352.65
277,53033025103,1599178,0,47.4947076,-122.1557587,20935.56058,20935.56058,17213368.06
278,53033025104,4632994,0,47.4992681,-122.1355354,31323.80979,31323.80979,49868953.49
279,53033025201,1699715,0,47.5078428,-122.1923034,24984.6898,24984.6898,18295452.46
280,53033025202,2767327,0,47.5121074,-122.1764378,28818.57023,28818.57023,29786918.4
281,53033025302,4025029,2443067,47.4920105,-122.2153547,59691.3383,59691.3383,69621863.3
282,53033025303,1888021,0,47.4913584,-122.1998442,21125.02382,21125.02382,20322458.31
283,53033025304,1854877,2019824,47.5178634,-122.2078846,30252.22027,30252.22027,41706463
284,53033025401,1199148,0,47.4977587,-122.1813358,18155.12623,18155.12623,12907432.62
285,53033025402,1101467,0,47.4910343,-122.1867087,15119.44825,15119.44825,11856079.68
286,53033025500,1525774,0,47.4970782,-122.1699572,17915.33468,17915.33468,16423210.76
287,53033025601,2809358,0,47.4828415,-122.1749934,26001.94517,26001.94517,30239720.75
288,53033025602,5269483,0,47.4777777,-122.149199,38066.39447,38066.39447,56720455.21
289,53033025702,2782780,0,47.4635505,-122.164279,28088.65728,28088.65728,29953912.07
290,53033025703,944219,0,47.4659530,-122.1987897,13776.35951,13776.35951,10163565.5
291,53033025704,2923198,0,47.4735006,-122.1884561,27038.3876,27038.3876,31465225.38
292,53033025803,1343483,0,47.4503896,-122.178457,16727.28385,16727.28385,14461358.22
293,53033025804,2364694,0,47.4547820,-122.1691753,28463.64745,28463.64745,25453670.32
294,53033025805,2427753,0,47.4546858,-122.1937967,23225.59713,23225.59713,26132456.82
295,53033025806,2936653,150317,47.4550034,-122.2107374,29087.19158,29087.19158,33228311.9
296,53033026001,2660203,0,47.4988699,-122.2358957,28445.55421,28445.55421,28634083.26
297,53033026003,1133278,1607,47.4792093,-122.2424677,21317.33098,21317.33098,12215882.98
298,53033026004,1634546,0,47.4905387,-122.2230349,20967.35198,20967.35198,17594108.49
299,53033026101,2706291,7108,47.4871294,-122.2513766,32446.72304,32446.72304,29206790.01
300,53033026102,1576655,0,47.4949418,-122.2498458,19354.70606,19354.70606,16970938.78
301,53033026200,15386966,508436,47.4591441,-122.2435898,57981.69378,57981.69378,171098522.5
302,53033026300,4224982,323989,47.5036921,-122.2847033,48479.86987,48479.86987,48964373.66
303,53033026400,4724320,294417,47.5090918,-122.3112029,46084.50496,46084.50496,54020898.42
304,53033026500,2045074,1625,47.5130046,-122.3382273,27697.07269,27697.07269,22030303.04
305,53033026600,1160392,0,47.5128460,-122.3632681,15954.15888,15954.15888,12490277.81
306,53033026700,3084838,419292,47.4962149,-122.3638882,27549.14004,27549.14004,37718018.66
307,53033026801,1541369,3031,47.5076338,-122.3433587,22488.56345,22488.56345,16623647.07
308,53033026802,2035736,18135,47.4978290,-122.3413234,21664.51238,21664.51238,22107608.16
309,53033027000,1978896,12524,47.4976819,-122.3219067,19214.18338,19214.18338,21435422.27
310,53033027100,1566609,0,47.4920578,-122.2998501,21343.34621,21343.34621,16862781.66
311,53033027200,3245737,84995,47.4867948,-122.2813197,31312.69233,31312.69233,35851746.87
312,53033027300,3549642,5405,47.4805960,-122.2985241,25866.08946,25866.08946,38266352.19
313,53033027400,3325455,0,47.4827326,-122.3236114,25002.93793,25002.93793,35795006.47
314,53033027500,2229526,0,47.4816357,-122.341172,20607.3757,20607.3757,23998528.93
315,53033027600,2854126,1287647,47.4756660,-122.3586455,38754.4735,38754.4735,44581927.83
316,53033027701,44157315,9775801,47.4509608,-122.4764915,121553.0098,121553.0098,580540256.9
317,53033027702,51502878,23418662,47.3758443,-122.4365251,133559.4912,133559.4912,806487247.1
318,53033027800,2582664,1104566,47.4515094,-122.3679231,32228.77146,32228.77145,39689576.2
319,53033027901,1866614,156045,47.4629628,-122.3529063,24262.64579,24262.64579,21771979.39
320,53033027902,1488964,0,47.4668558,-122.341531,18354.03632,18354.03632,16027207.84
321,53033028000,1951003,0,47.4667160,-122.3244687,21054.1775,21054.1775,21000624.5
322,53033028100,1590422,0,47.4687361,-122.2988958,18626.15469,18626.15469,17119268.99
323,53033028200,2658633,612,47.4656308,-122.2755633,23587.60264,23587.60264,28624178.21
324,53033028300,8153490,139520,47.4314308,-122.2689984,62770.88852,62770.88852,89267276.06
325,53033028402,8518208,0,47.4504671,-122.3032766,46239.72697,46239.72697,91690647.07
326,53033028403,2075832,32666,47.4388123,-122.283405,19246.33565,19246.33565,22696147.24
327,53033028500,3509793,0,47.4454085,-122.3248135,34190.83713,34190.83713,37779743.85
328,53033028600,6378626,1972936,47.4329749,-122.3446892,54723.63654,54723.63654,89897507.6
329,53033028700,2675319,0,47.4212394,-122.3278018,23258.30362,23258.30362,28797724.06
330,53033028801,5221717,0,47.4207125,-122.3085621,32941.6456,32941.6456,56207664.78
331,53033028802,2397498,415838,47.4249280,-122.2883103,28775.91031,28775.91031,30283245.24
332,53033028901,2295692,415797,47.4026302,-122.3203514,27909.25338,27909.25338,29187237.87
333,53033028902,2065170,0,47.3993990,-122.301752,24179.10944,24179.10944,22230167.08
334,53033029001,2565840,1021619,47.3840072,-122.3220797,27185.39097,27185.39097,38616761.07
335,53033029003,2568431,0,47.3825199,-122.3057587,32322.12705,32322.12705,27647609.09
336,53033029004,1827762,0,47.3798558,-122.2968868,30601.26097,30601.26097,19674748.91
337,53033029101,3368999,166228,47.3978567,-122.2786386,38712.91112,38712.91112,38054324.73
338,53033029102,2567137,0,47.3798860,-122.2841327,24992.34832,24992.34832,27633705.6
339,53033029203,2009030,0,47.3862784,-122.2313781,28457.77892,28457.77892,21625944.34
340,53033029205,1868767,40687,47.3878067,-122.2638518,28181.76505,28181.76505,20554041.76
341,53033029206,17259980,232894,47.4144378,-122.2433601,69283.59919,69283.59919,188297487.1
342,53033029207,2255652,1263,47.4044643,-122.2110851,28910.05729,28910.05729,24294029.38
343,53033029208,1978624,423,47.3929289,-122.2206867,21652.83351,21652.83351,21303077.08
344,53033029304,4162138,507,47.4385923,-122.169186,27020.66975,27020.66975,44807219.34
345,53033029305,2897230,2246,47.4219143,-122.2114434,22923.32366,22923.32366,31210555.55
346,53033029306,2372866,182821,47.4214221,-122.1801056,20992.19229,20992.19229,27509923.82
347,53033029307,3830941,39589,47.4218407,-122.1594823,26347.75036,26347.75036,41663188.43
348,53033029308,1347848,0,47.4377350,-122.1916538,16228.08635,16228.08635,14508402.85
349,53033029309,2261673,0,47.4363871,-122.2072334,21294.61636,21294.61636,24344962.81
350,53033029403,2407379,385,47.4094803,-122.2003764,20836.85899,20836.85899,25917796.38
351,53033029405,2492138,0,47.4089182,-122.1759183,21074.17631,21074.17631,26826012.96
352,53033029406,2620731,89031,47.3974254,-122.1786815,22017.98719,22017.98719,29168780.6
353,53033029407,1334702,0,47.3941343,-122.2018618,18167.66094,18167.66094,14367190
354,53033029408,1263995,0,47.3947994,-122.1917809,19416.38953,19416.38953,13606070.58
355,53033029504,1883417,0,47.3797202,-122.1945496,18236.19296,18236.19296,20273849.68
356,53033029505,1408180,0,47.3803885,-122.2083785,15761.17935,15761.17935,15158179.87
357,53033029506,953757,0,47.3697588,-122.1987143,18618.24653,18618.24653,10266664.41
358,53033029507,1749224,0,47.3671453,-122.1743525,18847.53514,18847.53514,18829453.93
359,53033029508,2562172,34833,47.3851005,-122.178779,21149.99708,21149.99708,27955187.25
360,53033029602,6665522,47921,47.3382029,-122.1880797,41181.46979,41181.46979,72267467.73
361,53033029603,1543490,5693,47.3615608,-122.1880658,18577.8754,18577.8754,16676118.29
362,53033029604,2407546,64463,47.3535767,-122.1823359,26578.81865,26578.81865,26609991.36
363,53033029701,3422205,19062,47.3748371,-122.2271478,38255.33493,38255.33493,37043247.72
364,53033029702,7757183,215197,47.3588998,-122.222478,59496.88995,59496.88995,85818646.7
365,53033029803,5399602,152809,47.3647476,-122.2637248,38127.77045,38127.77045,59768629.58
366,53033029804,2506782,0,47.3614589,-122.2825109,27375.94005,27375.94005,26984211.61
367,53033029805,3167566,2878,47.3399246,-122.2716387,31104.29413,31104.29413,34128604.54
368,53033029806,3690363,170101,47.3499788,-122.2771826,34281.01431,34281.01431,41556093.47
369,53033029901,3958812,107134,47.3240587,-122.282336,27048.58161,27048.58161,43768612.01
370,53033029902,6244310,0,47.3205788,-122.2617029,40517.748,40517.748,67218073.18
371,53033030003,4604664,963078,47.3588458,-122.3152313,42666.43818,42666.43818,59933986.64
372,53033030005,2163062,0,47.3365978,-122.3028494,19395.76391,19395.76391,23284503.81
373,53033030006,1993786,164002,47.3240403,-122.3041394,18976.29406,18976.29406,23227887.93
374,53033030007,643528,0,47.3531290,-122.3075675,11725.22112,11725.22112,6927302.413
375,53033030008,1407520,0,47.3487317,-122.3015522,20378.36332,20378.36332,15151281.2
376,53033030101,3316611,1920873,47.3332218,-122.3577607,42822.71106,42822.71106,56379543.04
377,53033030102,2586301,0,47.3381770,-122.3285768,27507.50836,27507.50836,27840496.78
378,53033030201,2807515,64020,47.3206958,-122.3487088,22818.06399,22818.06399,30911154.05
379,53033030203,1488981,0,47.3194456,-122.324909,18328.79288,18328.79288,16028413.05
380,53033030204,1789757,0,47.3284826,-122.3216107,20503.12796,20503.12796,19266115.7
381,53033030304,7535865,0,47.2766850,-122.3301341,43668.51104,43668.51104,81123127.5
382,53033030305,3819389,999771,47.3189904,-122.3888642,33996.69723,33996.69723,51876776.03
383,53033030306,3705307,630354,47.3130408,-122.3996459,39006.63684,39006.63684,46672276.85
384,53033030308,2154063,0,47.3083168,-122.3520249,20264.82435,20264.82435,23187977.76
385,53033030309,2194432,27034,47.3034962,-122.3373003,25113.74791,25113.74791,23913612.09
386,53033030310,3205496,0,47.2901057,-122.3495936,24509.34302,24509.34302,34506642.03
387,53033030311,1900457,3993,47.3078811,-122.368573,21015.16724,21015.16724,20500931.02
388,53033030312,1853047,0,47.2932142,-122.3682021,21364.40504,21364.40504,19947781.3
389,53033030313,4061855,0,47.3002007,-122.3138424,34015.78831,34015.78831,43725073.14
390,53033030314,2492084,0,47.3080966,-122.3237353,20427.86375,20427.86375,26826675.77
391,53033030403,3758274,6562,47.2677487,-122.3092311,31509.55699,31509.55699,40528425.67
392,53033030404,5998037,215746,47.2674240,-122.2759315,39638.34822,39638.34822,66891251.87
393,53033030405,4929005,87963,47.2908056,-122.270252,36671.93191,36671.93191,54006927.97
394,53033030406,2680316,70290,47.2857643,-122.2897663,28662.56414,28662.56414,29609962.36
395,53033030407,4497215,184183,47.3109875,-122.286418,32326.06351,32326.06351,50394208.22
396,53033030501,11369294,43830,47.3273852,-122.2353377,50618.34372,50618.34372,122858293.6
397,53033030503,3121911,64270,47.3427791,-122.2131216,29471.92342,29471.92342,34297856.78
398,53033030504,1524224,42762,47.3211155,-122.2135048,18977.8763,18977.8763,16868118.39
399,53033030600,3379427,77105,47.3069144,-122.2074969,37719.42427,37719.42427,37208690.14
400,53033030700,1553394,0,47.2971234,-122.2215759,17513.48219,17513.48219,16721994.65
401,53033030801,6956937,33590,47.2882624,-122.2362214,52797.87543,52797.87543,75252145.87
402,53033030802,1385571,0,47.2861014,-122.2136873,18850.77114,18850.77114,14915483.06
403,53033030901,3121700,0,47.2807128,-122.2531121,29902.83934,29902.83934,33604878.69
404,53033030902,3905389,46988,47.2657557,-122.2444934,32076.74008,32076.74008,42547301.94
405,53033031000,12462097,292603,47.2689510,-122.1862092,55483.03842,55483.03842,137304038.6
406,53033031101,4989541,64354,47.2932886,-122.1877375,36695.91688,36695.91688,54404336.48
407,53033031102,2316959,60932,47.2834938,-122.1949103,30471.52153,30471.52153,25597739.98
408,53033031202,66574091,1019606,47.2520052,-122.0674874,153974.3703,153974.3703,727652072.3
409,53033031204,36877757,601520,47.3063880,-122.129911,100987.2521,100987.2521,403456097.7
410,53033031206,3633545,59492,47.3135679,-122.1836163,37310.38979,37310.38979,39754557.67
411,53033031207,3261583,3323,47.3314691,-122.1622948,34270.21129,34270.21129,35145510.56
412,53033031208,2618661,38070,47.3222578,-122.1936851,32866.49519,32866.49519,28598845.69
413,53033031301,32978507,459434,47.2046996,-122.0589541,102263.8214,102263.8214,359973045
414,53033031302,10837906,111632,47.1859751,-122.0119002,54393.43981,54393.43981,117877731
415,53033031400,6362544,1179,47.2066360,-121.9889145,37048.75563,37048.75563,68508260.5
416,53033031501,161493800,2001827,47.3203800,-121.8791431,289802.2846,289802.2846,1759976985
417,53033031502,1025836912,9158672,47.2402889,-121.6344475,731681.8521,731681.8521,11141904358
418,53033031601,14669540,418506,47.3317137,-122.0861127,60986.95183,60986.95183,162417461.7
419,53033031603,55964494,1522722,47.3236554,-121.991822,147464.8017,147464.8017,618829618.1
420,53033031604,4153703,3229,47.3543713,-122.0323107,30006.69584,30006.69584,44747444.03
421,53033031605,15390911,1564307,47.3232517,-122.0465811,67027.41538,67027.41538,182517709.1
422,53033031704,5719420,12142,47.3485353,-122.1451841,36849.83268,36849.83268,61697611.01
423,53033031705,5049492,4701,47.3824059,-122.1154859,34388.5532,34388.5532,54405398.58
424,53033031707,3703354,19146,47.3804384,-122.1546595,27995.52495,27995.52495,40070499.93
425,53033031708,3437397,623236,47.3646051,-122.148026,28025.12321,28025.12321,43710595.88
426,53033031709,2145617,17381,47.3671678,-122.1216212,21269.01746,21269.01746,23283509.06
427,53033031710,2038633,0,47.3611079,-122.1118518,23741.65217,23741.65217,21944852.42
428,53033031800,24906521,3267355,47.4085335,-122.1178188,78482.05114,78482.05114,303271030.7
429,53033031904,18890095,168049,47.4681599,-122.062609,71992.53684,71992.53684,205142080.1
430,53033031906,10565748,589118,47.4368923,-122.0929679,50950.76443,50950.76443,120072016.1
431,53033031908,1827093,0,47.4471071,-122.1427639,21565.91455,21565.91455,19667012.15
432,53033031909,1916061,0,47.4378388,-122.1434771,27217.01626,27217.01626,20624711.62
433,53033031910,3322022,0,47.4583518,-122.1374379,29998.06458,29998.06458,35758379.94
434,53033031911,2397112,0,47.4464533,-122.1201591,23627.15835,23627.15835,25802739.15
435,53033031912,7672904,0,47.4879638,-122.1052429,53542.14467,53542.14467,82590525.35
436,53033031913,4071514,0,47.4712497,-122.1214769,36672.80637,36672.80637,43825742.24
437,53033032002,27565794,180822,47.4207619,-122.0475285,93216.77662,93216.77662,298668691.8
438,53033032003,121672955,304929,47.4409399,-121.9259862,199617.2034,199617.2034,1312993681
439,53033032005,6258304,123230,47.3733054,-122.0848083,41672.78377,41672.78377,68693552.92
440,53033032006,7614212,122944,47.3499202,-122.0803474,45847.75386,45847.75386,83286987.68
441,53033032007,11642036,143682,47.3911627,-122.0736583,68653.94339,68653.94339,126865406
442,53033032008,2292972,157783,47.3645060,-122.0492466,24772.00826,24772.00826,26381057.01
443,53033032010,5282446,0,47.3791911,-122.0247031,49033.91099,49033.91099,56862371.74
444,53033032011,3321208,280902,47.3671108,-122.030164,27701.59448,27701.59448,38774789.5
445,53033032102,79709009,90596,47.4851507,-121.9657839,131282.2363,131282.2363,858954421.5
446,53033032103,3987303,0,47.5385933,-122.0479034,38239.70006,38239.70006,42918171.04
447,53033032104,22279675,0,47.5049542,-122.0533488,68335.12001,68335.12001,239814780.4
448,53033032207,4627754,1325468,47.5834873,-122.0602972,47159.06027,47159.06027,64077849.08
449,53033032211,2975309,0,47.5798212,-122.0193634,30696.97611,30696.97611,32024895.04
450,53033032213,4042487,286842,47.5852426,-121.9861175,32655.8054,32655.8054,46598808.78
451,53033032215,15951833,10175,47.6066963,-121.9869787,72028.50867,72028.50867,171806148.7
452,53033032216,4324748,0,47.6036467,-122.0467685,30321.21264,30321.21264,46549296.24
453,53033032217,5744875,5098073,47.5968734,-122.0720001,55481.56673,55481.56673,116707956
454,53033032218,4381829,28938,47.5713149,-122.038565,42967.86316,42967.86316,47475688.88
455,53033032219,6523248,961466,47.5558944,-122.0495856,47618.94607,47618.94607,80562696.22
456,53033032220,6091125,0,47.5468306,-122.0152219,35063.2768,35063.2768,65562834.27
457,53033032221,35573754,7767,47.5496906,-121.9549377,95466.07309,95466.07309,382986376.1
458,53033032222,1281699,0,47.5715386,-121.9981579,17767.17888,17767.17888,13795677.71
459,53033032223,2090794,42596,47.5645237,-122.0151668,22098.53451,22098.53451,22963003.73
460,53033032224,3018668,0,47.5948656,-122.0221409,23164.60389,23164.60389,32491452.74
461,53033032225,3809641,44579,47.6102663,-122.0264751,28255.45309,28255.45309,41484685.94
462,53033032307,11589621,234335,47.7541282,-122.1018928,55734.82737,55734.82737,127261336.6
463,53033032311,23710057,92770,47.7515039,-122.0387481,73151.92846,73151.92846,256190150.8
464,53033032313,13092583,415255,47.6704667,-122.0889458,55456.56508,55456.56508,145388524.9
465,53033032315,44513525,1359055,47.6642529,-121.976789,120416.8265,120416.8265,493739649.4
466,53033032316,6235320,2556870,47.6392224,-122.071245,53692.7598,53692.7598,94633470.46
467,53033032317,4393664,0,47.6276165,-122.047985,32195.10734,32195.10734,47290713.79
468,53033032318,7326618,28260,47.6372150,-122.0394458,47071.71541,47071.71541,79163258.34
469,53033032319,6867974,0,47.7595594,-122.1476069,48009.79129,48009.79129,73919955.5
470,53033032320,9661905,40422,47.7564769,-122.1244452,55924.35441,55924.35441,104426247.9
471,53033032321,12781170,0,47.7180124,-122.1262416,57289.17926,57289.17926,137565432.1
472,53033032322,4628580,0,47.7262356,-122.0977,31966.65664,31966.65664,49817882.1
473,53033032323,3291835,0,47.6986018,-122.1117667,26674.5685,26674.5685,35430609.65
474,53033032324,2048589,0,47.6855267,-122.1199841,25346.85351,25346.85351,22049418.82
475,53033032325,2212937,0,47.6864819,-122.1049565,26700.95162,26700.95162,23818338.62
476,53033032326,10288287,0,47.7242618,-122.0785815,61582.01082,61582.01082,110734207.1
477,53033032327,16167035,114301,47.7094527,-122.0423942,68491.51585,68491.51585,175238435.8
478,53033032328,8504236,0,47.6641638,-122.0461286,52365.24828,52365.24827,91533480.95
479,53033032330,4649727,0,47.6899362,-122.1381057,38284.35264,38284.35264,50045942.1
480,53033032331,1440138,0,47.6723963,-122.1210863,20812.8331,20812.8331,15500591.99
481,53033032332,4774596,0,47.6794897,-122.0383201,33894.35788,33894.35788,51390059.63
482,53033032333,4878002,0,47.6877305,-122.0213688,31818.04724,31818.04724,52502940
483,53033032401,56328122,1081012,47.7463169,-121.947874,145555.5513,145555.5513,617896843.7
484,53033032402,25143316,628419,47.7055790,-121.9488126,94106.63537,94106.63537,277385451.8
485,53033032500,213738466,3896831,47.7019073,-121.8274607,318923.1758,318923.1758,2342441971
486,53033032601,61227726,1116537,47.5815990,-121.8693353,158257.0222,158257.0222,671043279.7
487,53033032603,12385870,427271,47.5505897,-121.8677826,62214.59899,62214.59899,137916135.6
488,53033032604,12971916,81082,47.5218155,-121.8815284,63192.08727,63192.08727,140499319.4
489,53033032605,4530738,131898,47.5368811,-121.9007672,35019.91263,35019.91263,50187209.52
490,53033032703,9930977,181212,47.5143018,-121.8179238,74493.95898,74493.95898,108845331.8
491,53033032704,16775239,545880,47.4933201,-121.772091,106689.2861,106689.2861,186443514.9
492,53033032705,52619291,582390,47.4666205,-121.8050261,130434.6855,130434.6855,572666498
493,53033032706,458845767,11916761,47.4631821,-121.4989644,478392.3684,478392.3684,5067381611
494,53033032800,1390641456,27389939,47.6530738,-121.4312774,669280.9083,669280.9083,15262735285
495,53033990100,0,240227879,47.5114466,-122.4154275,648226.7304,648226.7304,2585783321