group,STATEFP20,COUNTYFP20,TRACTCE20,GEOID,Census-Tract-Name,NAMELSAD20,MTFCC20,FUNCSTAT20,ALAND20,AWATER20,Lat,Long,Shape_Leng,TRACT_LBL2,Shape_Length,Shape_Area
1,53,33,101,53033000101,1.01,Census Tract,G5020,S,414848,0,47.7301150,-122.2930741,8662.10098025,Tract 000101,8662.10098024818,4465061.73976895
2,53,33,102,53033000102,1.02,Census Tract,G5020,S,1495019,918878,47.7247297,-122.2845705,22442.9145766,Tract 000102,22442.9145766584,25981033.7878088
3,53,33,201,53033000201,2.01,Census Tract,G5020,S,1806749,0,47.7263725,-122.3160435,18651.5944507,Tract 000201,18651.5944507351,19446251.042401
4,53,33,202,53033000202,2.02,Census Tract,G5020,S,1480085,0,47.7269637,-122.3026174,17285.8533324,Tract 000202,17285.8533323492,15930357.3875334
5,53,33,300,53033000300,3,Census Tract,G5020,S,1211013,0,47.7305259,-122.3329277,17298.1521487,Tract 000300,17298.1521486714,13034275.56265
6,53,33,402,53033000402,4.02,Census Tract,G5020,S,1798938,0,47.7168585,-122.3523664,21397.1752982,Tract 000402,21397.1752981829,19362220.5230092
7,53,33,403,53033000403,4.03,Census Tract,G5020,S,669384,62871,47.7279716,-122.3536298,14097.2150606,Tract 000403,14097.2150606364,7881373.50954885
8,53,33,404,53033000404,4.04,Census Tract,G5020,S,599476,31541,47.7329839,-122.3497477,12962.8073955,Tract 000404,12962.8073954945,6791703.23284096
9,53,33,500,53033000500,5,Census Tract,G5020,S,2898252,953717,47.7224094,-122.3710555,29311.1206806,Tract 000500,29311.1206805998,41459300.0867974
10,53,33,601,53033000601,6.01,Census Tract,G5020,S,1431268,0,47.7167031,-122.3232436,20078.9564759,Tract 000601,20078.9564759528,15404952.5827307
11,53,33,602,53033000602,6.02,Census Tract,G5020,S,2355577,55191,47.7188129,-122.3363779,23221.7047501,Tract 000602,23221.7047501457,25947507.8614662
12,53,33,700,53033000700,7,Census Tract,G5020,S,1294438,0,47.7156896,-122.3018611,16134.0299149,Tract 000700,16134.0299149314,13932242.393542
13,53,33,800,53033000800,8,Census Tract,G5020,S,1141931,0,47.7112517,-122.2860818,15312.0874646,Tract 000800,15312.0874645682,12290810.0239596
14,53,33,900,53033000900,9,Census Tract,G5020,S,1004853,1849039,47.7080031,-122.2748976,27230.7853902,Tract 000900,27230.7853901992,30716929.0791738
15,53,33,1000,53033001000,10,Census Tract,G5020,S,954203,0,47.7064073,-122.2960632,13147.0305998,Tract 001000,13147.0305998035,10270271.6851885
16,53,33,1100,53033001100,11,Census Tract,G5020,S,1060685,0,47.7065465,-122.3068060,14159.1273466,Tract 001100,14159.1273465481,11416399.5889396
17,53,33,1201,53033001201,12.01,Census Tract,G5020,S,1008240,0,47.7079921,-122.3273315,15899.7733431,Tract 001201,15899.7733430381,10851861.641597
18,53,33,1202,53033001202,12.02,Census Tract,G5020,S,821426,0,47.7060217,-122.3172561,13324.9900925,Tract 001202,13324.9900925436,8841145.88353661
19,53,33,1300,53033001300,13,Census Tract,G5020,S,1180877,0,47.7022935,-122.3421875,14881.0870453,Tract 001300,14881.0870453246,12710036.9900398
20,53,33,1400,53033001400,14,Census Tract,G5020,S,2152767,213389,47.7078795,-122.3674088,34964.7677739,Tract 001400,34964.7677738941,25467334.4661503
21,53,33,1500,53033001500,15,Census Tract,G5020,S,1167711,526885,47.6979702,-122.3952683,19732.5667478,Tract 001500,19732.5667478298,18239275.9326975
22,53,33,1600,53033001600,16,Census Tract,G5020,S,2020358,320118,47.7004649,-122.3798699,24422.8202749,Tract 001600,24422.8202748757,25190946.9280679
23,53,33,1701,53033001701,17.01,Census Tract,G5020,S,892768,0,47.6963619,-122.3544843,17164.4547776,Tract 001701,17164.4547776719,9609026.08464475
24,53,33,1702,53033001702,17.02,Census Tract,G5020,S,1280220,0,47.6965211,-122.3639488,17476.4075143,Tract 001702,17476.407514377,13779275.7612327
25,53,33,1800,53033001800,18,Census Tract,G5020,S,946085,0,47.6940568,-122.3419681,13946.1000282,Tract 001800,13946.1000282278,10182882.2714552
26,53,33,1900,53033001900,19,Census Tract,G5020,S,1667272,0,47.6965229,-122.3262226,18948.4812689,Tract 001900,18948.4812688867,17945171.5237916
27,53,33,2000,53033002000,20,Census Tract,G5020,S,1103313,28680,47.6953310,-122.3108025,15509.5457093,Tract 002000,15509.5457092937,12183878.8231566
28,53,33,2100,53033002100,21,Census Tract,G5020,S,1365468,0,47.6953673,-122.2980453,16139.9218598,Tract 002100,16139.9218597619,14696796.7441272
29,53,33,2200,53033002200,22,Census Tract,G5020,S,2804076,1154953,47.6941159,-122.2754574,39974.1058687,Tract 002200,39974.1058687505,42611837.558589
30,53,33,2400,53033002400,24,Census Tract,G5020,S,962528,0,47.6866167,-122.2879303,13151.7125245,Tract 002400,13151.7125245021,10359919.7832026
31,53,33,2500,53033002500,25,Census Tract,G5020,S,984334,0,47.6838969,-122.3022793,16442.968587,Tract 002500,16442.9685869349,10594634.2979389
32,53,33,2600,53033002600,26,Census Tract,G5020,S,1216627,28175,47.6822031,-122.3113993,15933.9379002,Tract 002600,15933.937900171,13398040.1759056
33,53,33,2700,53033002700,27,Census Tract,G5020,S,1584847,0,47.6868572,-122.3310895,21942.8352784,Tract 002700,21942.8352783497,17058079.2768839
34,53,33,2800,53033002800,28,Census Tract,G5020,S,988287,0,47.6851257,-122.3498985,13201.311298,Tract 002800,13201.3112979881,10637151.8218294
35,53,33,2900,53033002900,29,Census Tract,G5020,S,986209,0,47.6850872,-122.3606466,13366.3196709,Tract 002900,13366.3196709506,10614791.1059169
36,53,33,3000,53033003000,30,Census Tract,G5020,S,1493249,0,47.6850958,-122.3740444,16061.9476209,Tract 003000,16061.9476208367,16072222.0089675
37,53,33,3100,53033003100,31,Census Tract,G5020,S,2236733,472744,47.6877574,-122.3964308,27799.7581428,Tract 003100,27799.7581428867,29162680.1232855
38,53,33,3201,53033003201,32.01,Census Tract,G5020,S,1152079,1354300,47.6752462,-122.4040825,28928.9486038,Tract 003201,28928.9486037646,26976829.0971659
39,53,33,3202,53033003202,32.02,Census Tract,G5020,S,956016,0,47.6752342,-122.3942667,12945.3948644,Tract 003202,12945.3948643847,10289818.4569708
40,53,33,3301,53033003301,33.01,Census Tract,G5020,S,669207,0,47.6759370,-122.3820154,11177.1813262,Tract 003301,11177.1813262031,7202858.49355027
41,53,33,3302,53033003302,33.02,Census Tract,G5020,S,627071,0,47.6760080,-122.3712585,10550.8179265,Tract 003302,10550.8179265341,6749336.48592288
42,53,33,3400,53033003400,34,Census Tract,G5020,S,787161,0,47.6740646,-122.3617462,12629.3229336,Tract 003400,12629.3229335645,8472471.71455419
43,53,33,3500,53033003500,35,Census Tract,G5020,S,1284745,0,47.6725466,-122.3520880,16634.3489621,Tract 003500,16634.3489621039,13828061.6663903
44,53,33,3601,53033003601,36.01,Census Tract,G5020,S,674139,0,47.6749093,-122.3260430,11894.2888949,Tract 003601,11894.288894892,7255879.06806119
45,53,33,3602,53033003602,36.02,Census Tract,G5020,S,522326,0,47.6801362,-122.3218336,11471.0943824,Tract 003602,11471.0943824154,5621886.08481159
46,53,33,3800,53033003800,38,Census Tract,G5020,S,624606,0,47.6794093,-122.2955292,10392.5315541,Tract 003800,10392.5315540705,6722791.39419416
47,53,33,3900,53033003900,39,Census Tract,G5020,S,973808,0,47.6794117,-122.2823414,13200.9092051,Tract 003900,13200.9092050944,10481334.9800426
48,53,33,4000,53033004000,40,Census Tract,G5020,S,2574586,3232248,47.6817180,-122.2523680,39161.1364823,Tract 004000,39161.136482331,62500419.0626787
49,53,33,4101,53033004101,41.01,Census Tract,G5020,S,1601973,3290570,47.6606400,-122.2694346,35452.4720983,Tract 004101,35452.472098306,52660017.1934348
50,53,33,4102,53033004102,41.02,Census Tract,G5020,S,1689910,2027249,47.6737465,-122.2517500,33734.4713509,Tract 004102,33734.4713509189,40008776.4894823
51,53,33,4201,53033004201,42.01,Census Tract,G5020,S,1244114,0,47.6716240,-122.2775990,18286.1439211,Tract 004201,18286.1439210904,13390664.2679199
52,53,33,4202,53033004202,42.02,Census Tract,G5020,S,1220977,0,47.6687521,-122.2907266,15651.6663664,Tract 004202,15651.66636633,13141688.4517071
53,53,33,4301,53033004301,43.01,Census Tract,G5020,S,979236,0,47.6694019,-122.3002215,17192.7037498,Tract 004301,17192.7037498235,10539780.5728464
54,53,33,4302,53033004302,43.02,Census Tract,G5020,S,331137,0,47.6647387,-122.3035964,7987.2744192,Tract 004302,7987.27441919877,3564115.6700369
55,53,33,4401,53033004401,44.01,Census Tract,G5020,S,694919,0,47.6712710,-122.3107454,12948.9751358,Tract 004401,12948.9751357939,7479571.76147376
56,53,33,4402,53033004402,44.02,Census Tract,G5020,S,294988,0,47.6681501,-122.3147285,7487.97985687,Tract 004402,7487.97985687244,3175021.43340345
57,53,33,4500,53033004500,45,Census Tract,G5020,S,670997,0,47.6685824,-122.3229111,11018.3020935,Tract 004500,11018.3020935187,7222109.88810365
58,53,33,4600,53033004600,46,Census Tract,G5020,S,1552358,1033232,47.6830920,-122.3378674,25514.2239991,Tract 004600,25514.2239990923,27829368.758031
59,53,33,4701,53033004701,47.01,Census Tract,G5020,S,571393,176916,47.6654796,-122.3828943,13799.0876254,Tract 004701,13799.0876254093,8054301.31401001
60,53,33,4702,53033004702,47.02,Census Tract,G5020,S,266414,0,47.6705130,-122.3778052,6956.44967488,Tract 004702,6956.44967487583,2867507.73437704
61,53,33,4703,53033004703,47.03,Census Tract,G5020,S,1188631,155567,47.6643472,-122.3721352,18210.0891969,Tract 004703,18210.0891968924,14467955.0323643
62,53,33,4800,53033004800,48,Census Tract,G5020,S,1278329,26886,47.6608472,-122.3601847,18971.6615702,Tract 004800,18971.6615701505,14048449.2023266
63,53,33,4901,53033004901,49.01,Census Tract,G5020,S,497144,0,47.6613804,-122.3513529,9379.65576685,Tract 004901,9379.65576686192,5350888.21563026
64,53,33,4902,53033004902,49.02,Census Tract,G5020,S,597604,17368,47.6527830,-122.3506012,11198.1866298,Tract 004902,11198.1866298232,6619147.79373984
65,53,33,5000,53033005000,50,Census Tract,G5020,S,757380,0,47.6608696,-122.3418076,11560.1480115,Tract 005000,11560.1480115216,8151942.29480093
66,53,33,5100,53033005100,51,Census Tract,G5020,S,881731,0,47.6585183,-122.3322480,13462.5915467,Tract 005100,13462.5915467208,9490350.15280632
67,53,33,5201,53033005201,52.01,Census Tract,G5020,S,699701,73218,47.6595743,-122.3245993,16063.5042536,Tract 005201,16063.5042535601,8319183.20355044
68,53,33,5202,53033005202,52.02,Census Tract,G5020,S,269234,19268,47.6567013,-122.3203201,7939.7192035,Tract 005202,7939.71920349071,3105250.11930786
69,53,33,5303,53033005303,53.03,Census Tract,G5020,S,2432843,749176,47.6540399,-122.3012544,24805.7959425,Tract 005303,24805.7959425034,34249105.9160389
70,53,33,5304,53033005304,53.04,Census Tract,G5020,S,73030,0,47.6561001,-122.3150258,4083.12606627,Tract 005304,4083.12606625015,786047.098139278
71,53,33,5305,53033005305,53.05,Census Tract,G5020,S,212967,0,47.6590644,-122.3148784,6048.60922234,Tract 005305,6048.60922233442,2292236.61626992
72,53,33,5306,53033005306,53.06,Census Tract,G5020,S,200489,0,47.6630891,-122.3141376,5954.87262312,Tract 005306,5954.87262315274,2157906.05782366
73,53,33,5307,53033005307,53.07,Census Tract,G5020,S,130030,0,47.6630600,-122.3086776,4758.85069027,Tract 005307,4758.85069025316,1399526.47988987
74,53,33,5401,53033005401,54.01,Census Tract,G5020,S,756239,615226,47.6475292,-122.3381077,18798.5654563,Tract 005401,18798.5654562551,14761543.7078337
75,53,33,5402,53033005402,54.02,Census Tract,G5020,S,463900,0,47.6541050,-122.3411359,10063.797847,Tract 005402,10063.7978469404,4993141.86454808
76,53,33,5600,53033005600,56,Census Tract,G5020,S,3022785,1546484,47.6405468,-122.4071053,33933.6236542,Tract 005600,33933.6236542036,49180655.0389568
77,53,33,5700,53033005700,57,Census Tract,G5020,S,5085640,2365806,47.6581015,-122.4137704,49994.6114108,Tract 005700,49994.6114108053,80202146.0767395
78,53,33,5801,53033005801,58.01,Census Tract,G5020,S,1822365,260223,47.6548926,-122.3850376,21075.7590053,Tract 005801,21075.759005361,22415556.1700278
79,53,33,5803,53033005803,58.03,Census Tract,G5020,S,832097,0,47.6424544,-122.3878383,17129.1988103,Tract 005803,17129.198810352,8956173.42434793
80,53,33,5804,53033005804,58.04,Census Tract,G5020,S,2334443,1169687,47.6319354,-122.3774788,37828.3299803,Tract 005804,37828.3299803884,37716271.733295
81,53,33,5901,53033005901,59.01,Census Tract,G5020,S,778385,173882,47.6530716,-122.3696366,16252.0563135,Tract 005901,16252.0563134814,10249553.1102552
82,53,33,5902,53033005902,59.02,Census Tract,G5020,S,1022976,0,47.6444414,-122.3684358,15184.2205727,Tract 005902,15184.2205727097,11010649.894894
83,53,33,6000,53033006000,60,Census Tract,G5020,S,1340653,160754,47.6432313,-122.3527936,19181.1917346,Tract 006000,19181.1917346214,16160202.9936845
84,53,33,6100,53033006100,61,Census Tract,G5020,S,1198411,681782,47.6444403,-122.3222647,22036.092007,Tract 006100,22036.0920069653,20237160.4400355
85,53,33,6200,53033006200,62,Census Tract,G5020,S,2437426,239356,47.6391316,-122.3012264,35779.2924275,Tract 006200,35779.2924274954,28811213.4781513
86,53,33,6300,53033006300,63,Census Tract,G5020,S,2610569,3533560,47.6350162,-122.2767793,38400.5540448,Tract 006300,38400.5540448357,66131582.046596
87,53,33,6400,53033006400,64,Census Tract,G5020,S,903649,0,47.6285398,-122.3048258,13186.7701845,Tract 006400,13186.7701844569,9726351.90369642
88,53,33,6500,53033006500,65,Census Tract,G5020,S,1147619,0,47.6309633,-122.3177579,17921.5013322,Tract 006500,17921.501332221,12352257.756312
89,53,33,6600,53033006600,66,Census Tract,G5020,S,1109813,838435,47.6280900,-122.3312907,19719.4620533,Tract 006600,19719.4620532453,20969750.7558658
90,53,33,6701,53033006701,67.01,Census Tract,G5020,S,380256,105441,47.6324360,-122.3407805,11330.9765212,Tract 006701,11330.9765212479,5227746.33399795
91,53,33,6702,53033006702,67.02,Census Tract,G5020,S,304748,0,47.6273058,-122.3456689,8593.86490466,Tract 006702,8593.86490468658,3280147.99506384
92,53,33,6703,53033006703,67.03,Census Tract,G5020,S,597133,0,47.6345035,-122.3473591,10846.4930445,Tract 006703,10846.4930444952,6427171.88377344
93,53,33,6800,53033006800,68,Census Tract,G5020,S,718106,0,47.6360306,-122.3564653,11275.377348,Tract 006800,11275.3773479767,7729250.27146517
94,53,33,6900,53033006900,69,Census Tract,G5020,S,905121,0,47.6343813,-122.3669907,15666.5439545,Tract 006900,15666.5439544414,9742176.64971726
95,53,33,7001,53033007001,70.01,Census Tract,G5020,S,358281,0,47.6278767,-122.3603612,9530.30256857,Tract 007001,9530.30256856354,3856290.05019024
96,53,33,7002,53033007002,70.02,Census Tract,G5020,S,441021,0,47.6285230,-122.3541023,9490.79905736,Tract 007002,9490.79905737079,4746869.84530517
97,53,33,7101,53033007101,71.01,Census Tract,G5020,S,495054,0,47.6216965,-122.3530304,9004.94722654,Tract 007101,9004.9472265271,5328474.60674043
98,53,33,7102,53033007102,71.02,Census Tract,G5020,S,335908,0,47.6231794,-122.3626414,11499.9407457,Tract 007102,11499.9407456456,3615500.89798937
99,53,33,7201,53033007201,72.01,Census Tract,G5020,S,150744,0,47.6171374,-122.3460833,5873.21651065,Tract 007201,5873.21651064078,1622558.90016895
100,53,33,7202,53033007202,72.02,Census Tract,G5020,S,280585,0,47.6153600,-122.3405780,7591.70188345,Tract 007202,7591.70188344788,3020075.66320657
101,53,33,7203,53033007203,72.03,Census Tract,G5020,S,579631,0,47.6220291,-122.3435701,12493.9648042,Tract 007203,12493.9648041684,6238804.94298957
102,53,33,7301,53033007301,73.01,Census Tract,G5020,S,250787,0,47.6219263,-122.3308665,7422.61069282,Tract 007301,7422.6106928223,2699344.10808645
103,53,33,7302,53033007302,73.02,Census Tract,G5020,S,312981,0,47.6163784,-122.3341111,7802.42635391,Tract 007302,7802.42635391182,3368769.2653396
104,53,33,7303,53033007303,73.03,Census Tract,G5020,S,313527,0,47.6219789,-122.3358320,7984.863522,Tract 007303,7984.86352197545,3374596.3929801
105,53,33,7403,53033007403,74.03,Census Tract,G5020,S,118559,0,47.6228951,-122.3227163,5227.49528679,Tract 007403,5227.49528678764,1276089.06897166
106,53,33,7404,53033007404,74.04,Census Tract,G5020,S,153725,0,47.6230967,-122.3264852,5775.69998669,Tract 007404,5775.69998668838,1654579.82756708
107,53,33,7405,53033007405,74.05,Census Tract,G5020,S,131830,0,47.6180293,-122.3235972,5012.79869003,Tract 007405,5012.79869002395,1418974.04168042
108,53,33,7406,53033007406,74.06,Census Tract,G5020,S,150829,0,47.6193203,-122.3260062,6764.47724113,Tract 007406,6764.47724113444,1623443.82746606
109,53,33,7501,53033007501,75.01,Census Tract,G5020,S,298283,0,47.6221056,-122.3167948,7219.62364176,Tract 007501,7219.62364176037,3210519.93669292
110,53,33,7502,53033007502,75.02,Census Tract,G5020,S,315931,0,47.6176046,-122.3167930,7403.62929267,Tract 007502,7403.62929266713,3400503.55515719
111,53,33,7503,53033007503,75.03,Census Tract,G5020,S,187541,0,47.6138039,-122.3171870,6484.38948227,Tract 007503,6484.3894822822,2018614.36821662
112,53,33,7600,53033007600,76,Census Tract,G5020,S,571882,0,47.6218678,-122.3075858,9906.36833564,Tract 007600,9906.36833561174,6155389.388947
113,53,33,7700,53033007700,77,Census Tract,G5020,S,1058322,0,47.6191203,-122.2973516,15242.2097595,Tract 007700,15242.2097595573,11391208.2195917
114,53,33,7800,53033007800,78,Census Tract,G5020,S,2097740,3632914,47.6141558,-122.2810958,36419.0597735,Tract 007800,36419.0597734407,61681580.691892
115,53,33,7901,53033007901,79.01,Census Tract,G5020,S,267231,0,47.6144349,-122.3108156,7879.4043395,Tract 007901,7879.40433948863,2876299.50201145
116,53,33,7902,53033007902,79.02,Census Tract,G5020,S,431244,0,47.6143565,-122.3057243,9715.1208774,Tract 007902,9715.120877411,4641637.80000778
117,53,33,8002,53033008002,80.02,Census Tract,G5020,S,234314,0,47.6120898,-122.3453618,7998.38246588,Tract 008002,7998.38246587896,2522029.8083293
118,53,33,8003,53033008003,80.03,Census Tract,G5020,S,197152,0,47.6161316,-122.3495916,8720.9994215,Tract 008003,8720.99942149909,2122043.71129867
119,53,33,8004,53033008004,80.04,Census Tract,G5020,S,284626,526767,47.6150718,-122.3552018,16143.1813283,Tract 008004,16143.181328313,8733362.41649838
120,53,33,8101,53033008101,81.01,Census Tract,G5020,S,270324,277671,47.6074716,-122.3427956,11596.7020717,Tract 008101,11596.702071767,5898349.55525725
121,53,33,8102,53033008102,81.02,Census Tract,G5020,S,556705,91220,47.6052820,-122.3360120,15148.0967902,Tract 008102,15148.0967902168,6973948.96528769
122,53,33,8200,53033008200,82,Census Tract,G5020,S,375785,0,47.6102887,-122.3318896,9102.14034148,Tract 008200,9102.1403415072,4044773.82580453
123,53,33,8300,53033008300,83,Census Tract,G5020,S,237955,0,47.6118181,-122.3280064,8632.13489441,Tract 008300,8632.13489445719,2561276.49784751
124,53,33,8401,53033008401,84.01,Census Tract,G5020,S,250921,0,47.6123725,-122.3226009,9275.81826751,Tract 008401,9275.81826749947,2700766.60928313
125,53,33,8402,53033008402,84.02,Census Tract,G5020,S,145446,0,47.6148658,-122.3260059,5220.86848686,Tract 008402,5220.86848683917,1565507.71517253
126,53,33,8500,53033008500,85,Census Tract,G5020,S,450978,0,47.6049717,-122.3249555,9025.58161467,Tract 008500,9025.58161466898,4854121.31932314
127,53,33,8600,53033008600,86,Census Tract,G5020,S,711350,0,47.6071013,-122.3166895,11640.7206126,Tract 008600,11640.7206126426,7656616.62562949
128,53,33,8700,53033008700,87,Census Tract,G5020,S,732385,0,47.6059236,-122.3077909,11432.3842124,Tract 008700,11432.3842123549,7883013.16950106
129,53,33,8800,53033008800,88,Census Tract,G5020,S,948581,0,47.6073299,-122.2976324,13202.526857,Tract 008800,13202.5268569688,10210038.8581869
130,53,33,8900,53033008900,89,Census Tract,G5020,S,1270033,1798066,47.6010291,-122.2852290,27578.1734334,Tract 008900,27578.1734333766,33023503.5930814
131,53,33,9000,53033009000,90,Census Tract,G5020,S,855872,0,47.5980274,-122.3089020,14319.1029916,Tract 009000,14319.10299161,9212173.19679809
132,53,33,9100,53033009100,91,Census Tract,G5020,S,410621,0,47.5983847,-122.3217349,10608.3854115,Tract 009100,10608.3854115385,4419685.26591956
133,53,33,9200,53033009200,92,Census Tract,G5020,S,338451,154864,47.6004609,-122.3335323,13268.5892366,Tract 009200,13268.5892366226,5309810.06644261
134,53,33,9300,53033009300,93,Census Tract,G5020,S,9444110,639051,47.5771253,-122.3309360,49011.1866485,Tract 009300,49011.1866484861,108530722.949533
135,53,33,9400,53033009400,94,Census Tract,G5020,S,1686311,0,47.5880988,-122.3099702,18874.5831831,Tract 009400,18874.5831831263,18150625.675921
136,53,33,9500,53033009500,95,Census Tract,G5020,S,2597717,2916270,47.5783426,-122.2831943,35036.6654157,Tract 009500,35036.6654156824,59350038.3548424
137,53,33,9600,53033009600,96,Census Tract,G5020,S,1906922,1385222,47.5899898,-122.3882351,24828.047593,Tract 009600,24828.0475929891,35435085.6145577
138,53,33,9701,53033009701,97.01,Census Tract,G5020,S,1861358,1607123,47.5731929,-122.4101745,32892.4220378,Tract 009701,32892.4220378218,37333296.4040045
139,53,33,9702,53033009702,97.02,Census Tract,G5020,S,2220441,0,47.5719337,-122.3960103,28258.7625684,Tract 009702,28258.7625685093,23899907.426204
140,53,33,9801,53033009801,98.01,Census Tract,G5020,S,1004708,0,47.5762555,-122.3831430,13291.5490833,Tract 009801,13291.5490833089,10814248.9398137
141,53,33,9802,53033009802,98.02,Census Tract,G5020,S,922319,0,47.5672342,-122.3830567,12982.754934,Tract 009802,12982.7549339442,9927510.52308045
142,53,33,9900,53033009900,99,Census Tract,G5020,S,6565170,2370735,47.5794536,-122.3550326,47330.8254936,Tract 009900,47330.8254936307,96182325.0415955
143,53,33,10001,53033010001,100.01,Census Tract,G5020,S,2267156,60359,47.5673069,-122.3043618,25628.9245317,Tract 010001,25628.9245317068,25052474.6053177
144,53,33,10002,53033010002,100.02,Census Tract,G5020,S,948077,0,47.5765865,-122.3095716,13732.7653894,Tract 010002,13732.7653893922,10204645.6442297
145,53,33,10101,53033010101,101.01,Census Tract,G5020,S,871622,0,47.5657253,-122.2906975,15311.6567051,Tract 010101,15311.6567050539,9381810.13054067
146,53,33,10102,53033010102,101.02,Census Tract,G5020,S,1623225,2170065,47.5660585,-122.2688521,30706.1024251,Tract 010102,30706.1024250516,40829514.8326737
147,53,33,10200,53033010200,102,Census Tract,G5020,S,2795533,2076618,47.5564564,-122.2517138,32354.3585864,Tract 010200,32354.3585863597,52442196.7384167
148,53,33,10301,53033010301,103.01,Census Tract,G5020,S,1002658,0,47.5521545,-122.2805848,16924.3685148,Tract 010301,16924.3685147391,10792262.4648619
149,53,33,10302,53033010302,103.02,Census Tract,G5020,S,632167,0,47.5573770,-122.2858807,11267.2532001,Tract 010302,11267.2532000811,6804418.75053859
150,53,33,10401,53033010401,104.01,Census Tract,G5020,S,1629874,0,47.5532095,-122.2955875,17342.9302014,Tract 010401,17342.9302014133,17543421.0290587
151,53,33,10402,53033010402,104.02,Census Tract,G5020,S,1742871,0,47.5539478,-122.3101489,18925.0430066,Tract 010402,18925.0430065983,18759692.8948384
152,53,33,10501,53033010501,105.01,Census Tract,G5020,S,742016,0,47.5576235,-122.3801107,12490.0968039,Tract 010501,12490.0968038986,7986746.71531352
153,53,33,10502,53033010502,105.02,Census Tract,G5020,S,975912,0,47.5573014,-122.3896847,14546.1362419,Tract 010502,14546.136241938,10504351.3418466
154,53,33,10601,53033010601,106.01,Census Tract,G5020,S,1089233,0,47.5459808,-122.3816984,14458.8369487,Tract 010601,14458.8369486603,11724162.3238818
155,53,33,10602,53033010602,106.02,Census Tract,G5020,S,1505061,817134,47.5476919,-122.3967392,25295.5537043,Tract 010602,25295.5537042526,24995369.98677
156,53,33,10701,53033010701,107.01,Census Tract,G5020,S,1457384,3664,47.5451419,-122.3675265,21302.3651803,Tract 010701,21302.365180282,15726285.7226264
157,53,33,10702,53033010702,107.02,Census Tract,G5020,S,780115,0,47.5467996,-122.3730587,14935.9302412,Tract 010702,14935.9302412351,8396926.79304931
158,53,33,10800,53033010800,108,Census Tract,G5020,S,4140525,322633,47.5440342,-122.3498743,35902.6310473,Tract 010800,35902.6310474087,48039981.2289573
159,53,33,10900,53033010900,109,Census Tract,G5020,S,5389781,414929,47.5408335,-122.3175563,37197.0489207,Tract 010900,37197.0489207147,62480158.7970113
160,53,33,11001,53033011001,110.01,Census Tract,G5020,S,1080391,0,47.5384101,-122.2861704,16287.3553132,Tract 011001,16287.3553132083,11629041.073588
161,53,33,11002,53033011002,110.02,Census Tract,G5020,S,1719569,0,47.5405945,-122.2991995,22511.126765,Tract 011002,22511.1267650038,18508908.4572943
162,53,33,11101,53033011101,111.01,Census Tract,G5020,S,1136851,0,47.5394734,-122.2773089,15552.0743494,Tract 011101,15552.0743493787,12236718.08477
163,53,33,11102,53033011102,111.02,Census Tract,G5020,S,1303226,1143440,47.5424632,-122.2604403,27213.6174154,Tract 011102,27213.6174153264,26335224.9094931
164,53,33,11200,53033011200,112,Census Tract,G5020,S,2483779,139646,47.5296655,-122.3262393,26523.1992224,Tract 011200,26523.1992223997,28237858.9081906
165,53,33,11300,53033011300,113,Census Tract,G5020,S,3419308,42220,47.5273623,-122.3435690,27177.7501083,Tract 011300,27177.7501082778,37259033.8861389
166,53,33,11401,53033011401,114.01,Census Tract,G5020,S,1233155,0,47.5297061,-122.3620280,17478.0591594,Tract 011401,17478.0591593697,13273369.1432671
167,53,33,11402,53033011402,114.02,Census Tract,G5020,S,1186191,0,47.5206654,-122.3646254,17325.026274,Tract 011402,17325.0262739486,12767866.8524632
168,53,33,11500,53033011500,115,Census Tract,G5020,S,1538373,0,47.5301833,-122.3755330,19887.3089363,Tract 011500,19887.3089363126,16558652.752887
169,53,33,11601,53033011601,116.01,Census Tract,G5020,S,1554538,184845,47.5235901,-122.3885434,22018.3466053,Tract 011601,22018.3466052909,18722267.9729049
170,53,33,11602,53033011602,116.02,Census Tract,G5020,S,1565825,786358,47.5338344,-122.3952427,28931.9366916,Tract 011602,28931.9366915371,25318244.5125024
171,53,33,11700,53033011700,117,Census Tract,G5020,S,3515808,0,47.5201682,-122.2828633,29531.8332366,Tract 011700,29531.8332365768,37843428.373884
172,53,33,11801,53033011801,118.01,Census Tract,G5020,S,1160802,630417,47.5278065,-122.2655724,19919.6320005,Tract 011801,19919.6320004744,19280233.2324118
173,53,33,11802,53033011802,118.02,Census Tract,G5020,S,1139611,1037832,47.5187835,-122.2586613,21145.9270674,Tract 011802,21145.9270673704,23437535.0083897
174,53,33,11901,53033011901,119.01,Census Tract,G5020,S,1682374,0,47.5049971,-122.2650093,20466.2077876,Tract 011901,20466.2077876044,18108773.0924066
175,53,33,11902,53033011902,119.02,Census Tract,G5020,S,1580686,1217487,47.5100217,-122.2442425,34317.1012843,Tract 011902,34317.1012842348,30119075.6381559
176,53,33,12000,53033012000,120,Census Tract,G5020,S,1437048,0,47.5128928,-122.3806115,16728.8938804,Tract 012000,16728.8938803922,15468128.1950615
177,53,33,12100,53033012100,121,Census Tract,G5020,S,1739952,1380849,47.5075950,-122.3873799,30213.7772521,Tract 012100,30213.777252101,33591769.8055365
178,53,33,20100,53033020100,201,Census Tract,G5020,S,1766031,691541,47.7707111,-122.3873610,20599.7463716,Tract 020100,20599.7463715743,26450756.5057553
179,53,33,20200,53033020200,202,Census Tract,G5020,S,2591500,0,47.7716671,-122.3633577,21926.3970359,Tract 020200,21926.397035933,27892229.10116
180,53,33,20301,53033020301,203.01,Census Tract,G5020,S,1262275,35402,47.7719079,-122.3410989,15860.0552346,Tract 020301,15860.0552346526,13966806.3557267
181,53,33,20302,53033020302,203.02,Census Tract,G5020,S,1294795,10048,47.7673420,-122.3392599,15873.3360183,Tract 020302,15873.336018315,14044025.4796054
182,53,33,20401,53033020401,204.01,Census Tract,G5020,S,2313023,0,47.7708201,-122.3195433,25087.9681769,Tract 020401,25087.9681768591,24894950.9636072
183,53,33,20402,53033020402,204.02,Census Tract,G5020,S,2789589,0,47.7695042,-122.2970351,25234.6997476,Tract 020402,25234.699747624,30024263.1874975
184,53,33,20500,53033020500,205,Census Tract,G5020,S,2722041,0,47.7562524,-122.3138057,23368.0342219,Tract 020500,23368.0342218862,29297340.9772352
185,53,33,20600,53033020600,206,Census Tract,G5020,S,1980828,0,47.7559993,-122.3320996,19113.9590335,Tract 020600,19113.9590335298,21319644.7752169
186,53,33,20700,53033020700,207,Census Tract,G5020,S,1711190,0,47.7561637,-122.3473227,18658.0659794,Tract 020700,18658.0659794084,18417504.6622635
187,53,33,20800,53033020800,208,Census Tract,G5020,S,3299066,698711,47.7569770,-122.3716178,34662.8721441,Tract 020800,34662.8721441162,43028094.1229465
188,53,33,20900,53033020900,209,Census Tract,G5020,S,4540884,636482,47.7432786,-122.3639033,31796.8609969,Tract 020900,31796.8609968787,55724362.591817
189,53,33,21000,53033021000,210,Census Tract,G5020,S,2629269,5753,47.7396007,-122.3357847,21313.7621968,Tract 021000,21313.762196828,28360921.4994103
190,53,33,21100,53033021100,211,Census Tract,G5020,S,2619718,0,47.7412054,-122.3128854,21355.357747,Tract 021100,21355.3577469841,28196257.0582738
191,53,33,21300,53033021300,213,Census Tract,G5020,S,1784010,1204136,47.7402939,-122.2869560,28122.9353912,Tract 021300,28122.9353911457,32161666.5930577
192,53,33,21400,53033021400,214,Census Tract,G5020,S,3136342,265701,47.7507662,-122.2924491,36082.147323,Tract 021400,36082.1473229854,36616282.8097293
193,53,33,21500,53033021500,215,Census Tract,G5020,S,3457612,438417,47.7643848,-122.2737863,29077.8666091,Tract 021500,29077.8666091048,41932838.3501042
194,53,33,21600,53033021600,216,Census Tract,G5020,S,2863323,163654,47.7670311,-122.2582787,27105.7641717,Tract 021600,27105.7641716618,32579323.0468169
195,53,33,21701,53033021701,217.01,Census Tract,G5020,S,2573147,0,47.7709407,-122.2375721,28237.3096797,Tract 021701,28237.3096797054,27694634.4012223
196,53,33,21702,53033021702,217.02,Census Tract,G5020,S,3048769,0,47.7587336,-122.2334798,32303.0169265,Tract 021702,32303.0169265155,32813874.1685294
197,53,33,21802,53033021802,218.02,Census Tract,G5020,S,4892727,0,47.7674671,-122.1726224,30443.7742706,Tract 021802,30443.7742706219,52660251.4235625
198,53,33,21803,53033021803,218.03,Census Tract,G5020,S,3273126,0,47.7644399,-122.2145092,30494.0999767,Tract 021803,30494.0999767301,35228599.5750833
199,53,33,21804,53033021804,218.04,Census Tract,G5020,S,3100405,0,47.7657296,-122.1963089,25062.2978813,Tract 021804,25062.2978812217,33369564.4873891
200,53,33,21903,53033021903,219.03,Census Tract,G5020,S,3175189,10680,47.7176653,-122.1788517,31217.6299767,Tract 021903,31217.6299767379,34289992.6987003
201,53,33,21904,53033021904,219.04,Census Tract,G5020,S,3419305,0,47.7229154,-122.1615736,28648.8407091,Tract 021904,28648.8407090984,36802368.0634095
202,53,33,21905,53033021905,219.05,Census Tract,G5020,S,2683422,0,47.7430044,-122.1814339,32440.7943682,Tract 021905,32440.7943682099,28881810.2500466
203,53,33,21906,53033021906,219.06,Census Tract,G5020,S,3783792,0,47.7406439,-122.1648554,34159.3951094,Tract 021906,34159.395109327,40725250.1563259
204,53,33,22001,53033022001,220.01,Census Tract,G5020,S,4477540,0,47.7453001,-122.1988962,31914.7480283,Tract 022001,31914.748028304,48191982.0591436
205,53,33,22003,53033022003,220.03,Census Tract,G5020,S,2254686,0,47.7257721,-122.1984943,20529.0294481,Tract 022003,20529.0294480652,24267408.1634613
206,53,33,22005,53033022005,220.05,Census Tract,G5020,S,2421648,0,47.7116198,-122.1938925,22554.624257,Tract 022005,22554.6242569494,26064530.8919944
207,53,33,22006,53033022006,220.06,Census Tract,G5020,S,1409940,0,47.7043423,-122.1992669,20961.6197003,Tract 022006,20961.6197002773,15175432.1851534
208,53,33,22101,53033022101,221.01,Census Tract,G5020,S,3593797,1650543,47.7418845,-122.2559170,38132.9075737,Tract 022101,38132.9075736689,56445195.2067465
209,53,33,22102,53033022102,221.02,Census Tract,G5020,S,4679991,0,47.7424731,-122.2259260,36708.3447021,Tract 022102,36708.3447021527,50371036.3962674
210,53,33,22201,53033022201,222.01,Census Tract,G5020,S,2290376,0,47.7263403,-122.2320467,22881.3518875,Tract 022201,22881.3518874462,24651554.853844
211,53,33,22203,53033022203,222.03,Census Tract,G5020,S,3134027,691133,47.7078701,-122.2247809,30509.0629135,Tract 022203,30509.0629135274,41170871.6850694
212,53,33,22204,53033022204,222.04,Census Tract,G5020,S,1603105,0,47.7259013,-122.2150408,17859.9124512,Tract 022204,17859.9124511682,17254373.6864422
213,53,33,22205,53033022205,222.05,Census Tract,G5020,S,1010783,0,47.7124231,-122.2132077,19082.6264707,Tract 022205,19082.626470729,10879175.8863082
214,53,33,22300,53033022300,223,Census Tract,G5020,S,5071395,5537735,47.7138279,-122.2495245,49982.4726157,Tract 022300,49982.4726156833,114187691.185841
215,53,33,22401,53033022401,224.01,Census Tract,G5020,S,2402491,0,47.6938359,-122.1997778,26729.0038873,Tract 022401,26729.0038873421,25858472.9822035
216,53,33,22402,53033022402,224.02,Census Tract,G5020,S,2219492,4175839,47.6839644,-122.2157333,47140.8887513,Tract 022402,47140.8887513273,68834461.30345
217,53,33,22501,53033022501,225.01,Census Tract,G5020,S,2472567,0,47.6842794,-122.1881832,32099.2264188,Tract 022501,32099.2264187772,26612766.7703516
218,53,33,22502,53033022502,225.02,Census Tract,G5020,S,1264562,230572,47.6742256,-122.1993098,18974.077252,Tract 022502,18974.077251996,16092548.5319895
219,53,33,22603,53033022603,226.03,Census Tract,G5020,S,2888544,23234,47.6948197,-122.1716302,26446.4630516,Tract 022603,26446.463051603,31340046.4335947
220,53,33,22604,53033022604,226.04,Census Tract,G5020,S,2951989,0,47.6762219,-122.1739912,23941.2427797,Tract 022604,23941.2427797379,31773022.2292218
221,53,33,22605,53033022605,226.05,Census Tract,G5020,S,4726391,0,47.6914611,-122.1557449,38521.0667556,Tract 022605,38521.0667555801,50871154.8767952
222,53,33,22606,53033022606,226.06,Census Tract,G5020,S,2758122,27137,47.6689188,-122.1547915,22810.2687468,Tract 022606,22810.2687468207,29978533.9452536
223,53,33,22701,53033022701,227.01,Census Tract,G5020,S,1607170,600718,47.6548917,-122.2056786,27805.9306995,Tract 022701,27805.9306995523,23764203.2914977
224,53,33,22702,53033022702,227.02,Census Tract,G5020,S,2457576,0,47.6568498,-122.1942540,23068.8389163,Tract 022702,23068.838916272,26451623.5557364
225,53,33,22703,53033022703,227.03,Census Tract,G5020,S,4190224,0,47.6573020,-122.1758428,27473.1501742,Tract 022703,27473.1501741862,45100646.6816701
226,53,33,22802,53033022802,228.02,Census Tract,G5020,S,2660768,0,47.6634066,-122.1350036,22590.5938459,Tract 022802,22590.5938459042,28638582.7625539
227,53,33,22803,53033022803,228.03,Census Tract,G5020,S,4772681,0,47.6439330,-122.1312723,31450.7200691,Tract 022803,31450.7200691288,51369959.1084715
228,53,33,22804,53033022804,228.04,Census Tract,G5020,S,1021697,0,47.6379751,-122.1474819,15605.1283723,Tract 022804,15605.1283723302,10996859.3793437
229,53,33,22805,53033022805,228.05,Census Tract,G5020,S,3842917,0,47.6486766,-122.1547452,31213.3327922,Tract 022805,31213.3327922165,41362573.5904541
230,53,33,22901,53033022901,229.01,Census Tract,G5020,S,1485129,0,47.6366049,-122.1183889,19262.772358,Tract 022901,19262.7723580011,15984956.8630553
231,53,33,22902,53033022902,229.02,Census Tract,G5020,S,3537566,1705282,47.6403935,-122.1022780,40309.2950885,Tract 022902,40309.2950884954,56430605.7005845
232,53,33,23000,53033023000,230,Census Tract,G5020,S,3328634,2210425,47.6217389,-122.1029997,40860.4044281,Tract 023000,40860.4044281211,59619127.1356607
233,53,33,23100,53033023100,231,Census Tract,G5020,S,2529558,1838407,47.5973918,-122.1103224,39027.0870175,Tract 023100,39027.0870175433,47014456.0368191
234,53,33,23201,53033023201,232.01,Census Tract,G5020,S,1569244,0,47.6186878,-122.1376170,17999.4010479,Tract 023201,17999.4010478587,16890416.7929157
235,53,33,23202,53033023202,232.02,Census Tract,G5020,S,1491213,0,47.6178862,-122.1271368,17627.3305905,Tract 023202,17627.3305905325,16050581.3749956
236,53,33,23300,53033023300,233,Census Tract,G5020,S,3589674,248744,47.6003452,-122.1289619,28242.6465062,Tract 023300,28242.6465062301,41314720.1741669
237,53,33,23401,53033023401,234.01,Census Tract,G5020,S,3707558,0,47.5868216,-122.1468183,27632.0955851,Tract 023401,27632.0955850695,39906432.8675708
238,53,33,23403,53033023403,234.03,Census Tract,G5020,S,3354192,1962037,47.5805595,-122.1141855,38239.005627,Tract 023403,38239.0056270328,57221476.9417938
239,53,33,23404,53033023404,234.04,Census Tract,G5020,S,1838932,1746971,47.5669902,-122.0852231,31149.4662725,Tract 023404,31149.4662724886,38597233.8622991
240,53,33,23500,53033023500,235,Census Tract,G5020,S,2443751,0,47.5917924,-122.1734356,22264.058937,Tract 023500,22264.0589370322,26303329.6970436
241,53,33,23601,53033023601,236.01,Census Tract,G5020,S,4627061,0,47.6104071,-122.1717598,29796.0475214,Tract 023601,29796.0475213967,49803155.4593901
242,53,33,23603,53033023603,236.03,Census Tract,G5020,S,2017794,0,47.6173889,-122.1507628,19096.1496285,Tract 023603,19096.1496285121,21718387.5534525
243,53,33,23604,53033023604,236.04,Census Tract,G5020,S,2904411,0,47.5993994,-122.1538559,28206.690928,Tract 023604,28206.6909280277,31261558.4532721
244,53,33,23701,53033023701,237.01,Census Tract,G5020,S,4192703,0,47.6387236,-122.1767944,33123.1666963,Tract 023701,33123.1666962839,45127637.4207982
245,53,33,23702,53033023702,237.02,Census Tract,G5020,S,3498742,18268,47.6240320,-122.1710306,30960.08339,Tract 023702,30960.0833900089,37855022.1094443
246,53,33,23801,53033023801,238.01,Census Tract,G5020,S,3621819,0,47.5956791,-122.1891073,30707.2633655,Tract 023801,30707.2633655052,38983488.2657151
247,53,33,23805,53033023805,238.05,Census Tract,G5020,S,329175,0,47.6192553,-122.2016602,8010.15808015,Tract 023805,8010.15808016156,3543063.07638636
248,53,33,23806,53033023806,238.06,Census Tract,G5020,S,234791,0,47.6192524,-122.1925281,6730.33472146,Tract 023806,6730.33472146196,2527159.7824998
249,53,33,23807,53033023807,238.07,Census Tract,G5020,S,886421,0,47.6139313,-122.1999085,16374.271971,Tract 023807,16374.2719709827,9540923.01411708
250,53,33,23808,53033023808,238.08,Census Tract,G5020,S,308971,0,47.6119127,-122.1938322,7644.70566452,Tract 023808,7644.70566452314,3325575.26896521
251,53,33,23901,53033023901,239.01,Census Tract,G5020,S,2453360,1775304,47.5946966,-122.2087645,28381.1739002,Tract 023901,28381.1739002161,45515241.971441
252,53,33,23902,53033023902,239.02,Census Tract,G5020,S,2470250,2350308,47.5690000,-122.1887548,46265.6536823,Tract 023902,46265.6536823226,51886545.5954888
253,53,33,24001,53033024001,240.01,Census Tract,G5020,S,2811309,0,47.6320617,-122.1991210,24227.0852875,Tract 024001,24227.0852874855,30259245.7795392
254,53,33,24002,53033024002,240.02,Census Tract,G5020,S,1624655,240155,47.6183622,-122.2121125,25874.2512779,Tract 024002,25874.2512779204,20071712.8891992
255,53,33,24100,53033024100,241,Census Tract,G5020,S,4469122,1617421,47.6445756,-122.2199938,38389.1364401,Tract 024100,38389.1364400803,65511653.6897805
256,53,33,24200,53033024200,242,Census Tract,G5020,S,3704669,11442083,47.6348660,-122.2402688,74021.0088344,Tract 024200,74021.0088344411,163030283.430825
257,53,33,24301,53033024301,243.01,Census Tract,G5020,S,1381432,0,47.5820465,-122.2335430,18863.5886315,Tract 024301,18863.588631447,14869087.3622302
258,53,33,24302,53033024302,243.02,Census Tract,G5020,S,2778562,8215200,47.5926899,-122.2449557,55341.2452478,Tract 024302,55341.2452477323,118331585.003194
259,53,33,24400,53033024400,244,Census Tract,G5020,S,1670874,514968,47.5788389,-122.2131521,24081.0782015,Tract 024400,24081.078201492,23527457.069646
260,53,33,24500,53033024500,245,Census Tract,G5020,S,3838553,1901481,47.5664296,-122.2170417,41471.7646459,Tract 024500,41471.7646459008,61783541.0281967
261,53,33,24601,53033024601,246.01,Census Tract,G5020,S,3968267,2707956,47.5484570,-122.2237277,47332.6402429,Tract 024601,47332.6402428724,71860641.5187533
262,53,33,24602,53033024602,246.02,Census Tract,G5020,S,2893266,3542006,47.5311198,-122.2338107,36894.4307754,Tract 024602,36894.4307753752,69267586.3478451
263,53,33,24701,53033024701,247.01,Census Tract,G5020,S,2637026,0,47.5615487,-122.1806659,28692.3897951,Tract 024701,28692.3897950894,28383992.9260884
264,53,33,24703,53033024703,247.03,Census Tract,G5020,S,3750917,0,47.5280151,-122.1851357,29083.2014737,Tract 024703,29083.2014736603,40373925.8051887
265,53,33,24704,53033024704,247.04,Census Tract,G5020,S,2649459,804870,47.5396112,-122.1898817,37844.4448347,Tract 024704,37844.4448347252,37181338.2775362
266,53,33,24800,53033024800,248,Census Tract,G5020,S,3770491,0,47.5743868,-122.1520699,41309.8258697,Tract 024800,41309.8258696494,40583949.2451069
267,53,33,24901,53033024901,249.01,Census Tract,G5020,S,3024840,0,47.5633934,-122.1568428,26964.3722809,Tract 024901,26964.3722808594,32558183.1372526
268,53,33,24902,53033024902,249.02,Census Tract,G5020,S,2029991,0,47.5653697,-122.1337183,27975.803584,Tract 024902,27975.803584046,21849998.7614331
269,53,33,24904,53033024904,249.04,Census Tract,G5020,S,2083512,0,47.5461877,-122.1463703,32623.3431501,Tract 024904,32623.3431501,22426228.8744729
270,53,33,24905,53033024905,249.05,Census Tract,G5020,S,2880072,0,47.5542223,-122.1375616,34391.7167831,Tract 024905,34391.7167831415,31000015.4519457
271,53,33,25001,53033025001,250.01,Census Tract,G5020,S,3696779,28798,47.5379558,-122.1689468,40869.8326963,Tract 025001,40869.8326962735,40100945.4893545
272,53,33,25005,53033025005,250.05,Census Tract,G5020,S,7684828,0,47.5306824,-122.1466867,41530.765433,Tract 025005,41530.7654330633,82717483.4098617
273,53,33,25006,53033025006,250.06,Census Tract,G5020,S,22409780,0,47.5269279,-122.0986626,70104.8078699,Tract 025006,70104.8078698702,241213247.359075
274,53,33,25007,53033025007,250.07,Census Tract,G5020,S,4176855,0,47.5529149,-122.1054184,37654.6131384,Tract 025007,37654.6131384145,44958166.9644671
275,53,33,25008,53033025008,250.08,Census Tract,G5020,S,2260533,0,47.5638066,-122.1122579,23999.4196653,Tract 025008,23999.4196653224,24331506.1835113
276,53,33,25101,53033025101,251.01,Census Tract,G5020,S,2935516,0,47.5093920,-122.1549957,25224.0396611,Tract 025101,25224.0396611145,31597352.6519629
277,53,33,25103,53033025103,251.03,Census Tract,G5020,S,1599178,0,47.4947076,-122.1557587,20935.5605783,Tract 025103,20935.5605783454,17213368.063477
278,53,33,25104,53033025104,251.04,Census Tract,G5020,S,4632994,0,47.4992681,-122.1355354,31323.8097861,Tract 025104,31323.8097860703,49868953.4920153
279,53,33,25201,53033025201,252.01,Census Tract,G5020,S,1699715,0,47.5078428,-122.1923034,24984.6897965,Tract 025201,24984.6897964739,18295452.4554086
280,53,33,25202,53033025202,252.02,Census Tract,G5020,S,2767327,0,47.5121074,-122.1764378,28818.5702301,Tract 025202,28818.570230128,29786918.4020684
281,53,33,25302,53033025302,253.02,Census Tract,G5020,S,4025029,2443067,47.4920105,-122.2153547,59691.3383032,Tract 025302,59691.3383031504,69621863.2959355
282,53,33,25303,53033025303,253.03,Census Tract,G5020,S,1888021,0,47.4913584,-122.1998442,21125.0238213,Tract 025303,21125.023821284,20322458.3122619
283,53,33,25304,53033025304,253.04,Census Tract,G5020,S,1854877,2019824,47.5178634,-122.2078846,30252.2202671,Tract 025304,30252.2202671226,41706463.0002545
284,53,33,25401,53033025401,254.01,Census Tract,G5020,S,1199148,0,47.4977587,-122.1813358,18155.1262304,Tract 025401,18155.1262304215,12907432.6200184
285,53,33,25402,53033025402,254.02,Census Tract,G5020,S,1101467,0,47.4910343,-122.1867087,15119.4482513,Tract 025402,15119.4482513026,11856079.6819865
286,53,33,25500,53033025500,255,Census Tract,G5020,S,1525774,0,47.4970782,-122.1699572,17915.3346795,Tract 025500,17915.3346794345,16423210.7555171
287,53,33,25601,53033025601,256.01,Census Tract,G5020,S,2809358,0,47.4828415,-122.1749934,26001.9451712,Tract 025601,26001.9451711365,30239720.7452434
288,53,33,25602,53033025602,256.02,Census Tract,G5020,S,5269483,0,47.4777777,-122.1491990,38066.3944666,Tract 025602,38066.3944665499,56720455.2079207
289,53,33,25702,53033025702,257.02,Census Tract,G5020,S,2782780,0,47.4635505,-122.1642790,28088.6572849,Tract 025702,28088.6572849291,29953912.0668122
290,53,33,25703,53033025703,257.03,Census Tract,G5020,S,944219,0,47.4659530,-122.1987897,13776.3595091,Tract 025703,13776.3595090727,10163565.5005038
291,53,33,25704,53033025704,257.04,Census Tract,G5020,S,2923198,0,47.4735006,-122.1884561,27038.3876032,Tract 025704,27038.3876032787,31465225.381357
292,53,33,25803,53033025803,258.03,Census Tract,G5020,S,1343483,0,47.4503896,-122.1784570,16727.2838505,Tract 025803,16727.2838504473,14461358.2244062
293,53,33,25804,53033025804,258.04,Census Tract,G5020,S,2364694,0,47.4547820,-122.1691753,28463.6474536,Tract 025804,28463.6474535812,25453670.3180975
294,53,33,25805,53033025805,258.05,Census Tract,G5020,S,2427753,0,47.4546858,-122.1937967,23225.5971313,Tract 025805,23225.5971312864,26132456.8240517
295,53,33,25806,53033025806,258.06,Census Tract,G5020,S,2936653,150317,47.4550034,-122.2107374,29087.1915785,Tract 025806,29087.1915784901,33228311.9027044
296,53,33,26001,53033026001,260.01,Census Tract,G5020,S,2660203,0,47.4988699,-122.2358957,28445.5542073,Tract 026001,28445.5542072589,28634083.2637338
297,53,33,26003,53033026003,260.03,Census Tract,G5020,S,1133278,1607,47.4792093,-122.2424677,21317.330979,Tract 026003,21317.3309789949,12215882.9802727
298,53,33,26004,53033026004,260.04,Census Tract,G5020,S,1634546,0,47.4905387,-122.2230349,20967.3519799,Tract 026004,20967.3519798354,17594108.4866346
299,53,33,26101,53033026101,261.01,Census Tract,G5020,S,2706291,7108,47.4871294,-122.2513766,32446.7230408,Tract 026101,32446.7230408173,29206790.0077499
300,53,33,26102,53033026102,261.02,Census Tract,G5020,S,1576655,0,47.4949418,-122.2498458,19354.7060643,Tract 026102,19354.7060642706,16970938.7836163
301,53,33,26200,53033026200,262,Census Tract,G5020,S,15386966,508436,47.4591441,-122.2435898,57981.6937811,Tract 026200,57981.6937811406,171098522.479592
302,53,33,26300,53033026300,263,Census Tract,G5020,S,4224982,323989,47.5036921,-122.2847033,48479.8698748,Tract 026300,48479.8698747842,48964373.6554624
303,53,33,26400,53033026400,264,Census Tract,G5020,S,4724320,294417,47.5090918,-122.3112029,46084.5049564,Tract 026400,46084.5049564272,54020898.4151596
304,53,33,26500,53033026500,265,Census Tract,G5020,S,2045074,1625,47.5130046,-122.3382273,27697.0726867,Tract 026500,27697.0726866656,22030303.0382194
305,53,33,26600,53033026600,266,Census Tract,G5020,S,1160392,0,47.5128460,-122.3632681,15954.1588806,Tract 026600,15954.1588805389,12490277.8070553
306,53,33,26700,53033026700,267,Census Tract,G5020,S,3084838,419292,47.4962149,-122.3638882,27549.1400351,Tract 026700,27549.1400350894,37718018.6629328
307,53,33,26801,53033026801,268.01,Census Tract,G5020,S,1541369,3031,47.5076338,-122.3433587,22488.5634487,Tract 026801,22488.5634486956,16623647.0732351
308,53,33,26802,53033026802,268.02,Census Tract,G5020,S,2035736,18135,47.4978290,-122.3413234,21664.5123843,Tract 026802,21664.5123843067,22107608.1635184
309,53,33,27000,53033027000,270,Census Tract,G5020,S,1978896,12524,47.4976819,-122.3219067,19214.1833787,Tract 027000,19214.1833787309,21435422.2724687
310,53,33,27100,53033027100,271,Census Tract,G5020,S,1566609,0,47.4920578,-122.2998501,21343.3462095,Tract 027100,21343.346209484,16862781.656822
311,53,33,27200,53033027200,272,Census Tract,G5020,S,3245737,84995,47.4867948,-122.2813197,31312.6923279,Tract 027200,31312.6923279366,35851746.8686666
312,53,33,27300,53033027300,273,Census Tract,G5020,S,3549642,5405,47.4805960,-122.2985241,25866.0894631,Tract 027300,25866.0894630574,38266352.1920712
313,53,33,27400,53033027400,274,Census Tract,G5020,S,3325455,0,47.4827326,-122.3236114,25002.9379258,Tract 027400,25002.9379257809,35795006.4725257
314,53,33,27500,53033027500,275,Census Tract,G5020,S,2229526,0,47.4816357,-122.3411720,20607.3756972,Tract 027500,20607.3756972372,23998528.9338714
315,53,33,27600,53033027600,276,Census Tract,G5020,S,2854126,1287647,47.4756660,-122.3586455,38754.4735013,Tract 027600,38754.4735013367,44581927.8261334
316,53,33,27701,53033027701,277.01,Census Tract,G5020,S,44157315,9775801,47.4509608,-122.4764915,121553.009776,Tract 027701,121553.00977607,580540256.900002
317,53,33,27702,53033027702,277.02,Census Tract,G5020,S,51502878,23418662,47.3758443,-122.4365251,133559.491155,Tract 027702,133559.491155241,806487247.050644
318,53,33,27800,53033027800,278,Census Tract,G5020,S,2582664,1104566,47.4515094,-122.3679231,32228.771455,Tract 027800,32228.77145499,39689576.1990025
319,53,33,27901,53033027901,279.01,Census Tract,G5020,S,1866614,156045,47.4629628,-122.3529063,24262.6457851,Tract 027901,24262.6457850307,21771979.3916273
320,53,33,27902,53033027902,279.02,Census Tract,G5020,S,1488964,0,47.4668558,-122.3415310,18354.0363176,Tract 027902,18354.036317569,16027207.8396029
321,53,33,28000,53033028000,280,Census Tract,G5020,S,1951003,0,47.4667160,-122.3244687,21054.177495,Tract 028000,21054.1774950254,21000624.504624
322,53,33,28100,53033028100,281,Census Tract,G5020,S,1590422,0,47.4687361,-122.2988958,18626.154693,Tract 028100,18626.1546929957,17119268.9920095
323,53,33,28200,53033028200,282,Census Tract,G5020,S,2658633,612,47.4656308,-122.2755633,23587.6026378,Tract 028200,23587.6026378038,28624178.2120697
324,53,33,28300,53033028300,283,Census Tract,G5020,S,8153490,139520,47.4314308,-122.2689984,62770.8885162,Tract 028300,62770.8885162637,89267276.0600615
325,53,33,28402,53033028402,284.02,Census Tract,G5020,S,8518208,0,47.4504671,-122.3032766,46239.7269658,Tract 028402,46239.7269658333,91690647.0724567
326,53,33,28403,53033028403,284.03,Census Tract,G5020,S,2075832,32666,47.4388123,-122.2834050,19246.3356527,Tract 028403,19246.3356526951,22696147.2383803
327,53,33,28500,53033028500,285,Census Tract,G5020,S,3509793,0,47.4454085,-122.3248135,34190.837128,Tract 028500,34190.8371280764,37779743.8495042
328,53,33,28600,53033028600,286,Census Tract,G5020,S,6378626,1972936,47.4329749,-122.3446892,54723.6365378,Tract 028600,54723.636537837,89897507.597731
329,53,33,28700,53033028700,287,Census Tract,G5020,S,2675319,0,47.4212394,-122.3278018,23258.3036186,Tract 028700,23258.3036186162,28797724.0556381
330,53,33,28801,53033028801,288.01,Census Tract,G5020,S,5221717,0,47.4207125,-122.3085621,32941.645596,Tract 028801,32941.6455959863,56207664.7755535
331,53,33,28802,53033028802,288.02,Census Tract,G5020,S,2397498,415838,47.4249280,-122.2883103,28775.9103098,Tract 028802,28775.9103097794,30283245.2372702
332,53,33,28901,53033028901,289.01,Census Tract,G5020,S,2295692,415797,47.4026302,-122.3203514,27909.2533831,Tract 028901,27909.2533830721,29187237.8655356
333,53,33,28902,53033028902,289.02,Census Tract,G5020,S,2065170,0,47.3993990,-122.3017520,24179.1094377,Tract 028902,24179.1094376984,22230167.0756344
334,53,33,29001,53033029001,290.01,Census Tract,G5020,S,2565840,1021619,47.3840072,-122.3220797,27185.3909698,Tract 029001,27185.390969816,38616761.074279
335,53,33,29003,53033029003,290.03,Census Tract,G5020,S,2568431,0,47.3825199,-122.3057587,32322.1270466,Tract 029003,32322.1270466244,27647609.0921477
336,53,33,29004,53033029004,290.04,Census Tract,G5020,S,1827762,0,47.3798558,-122.2968868,30601.2609721,Tract 029004,30601.2609721392,19674748.9053806
337,53,33,29101,53033029101,291.01,Census Tract,G5020,S,3368999,166228,47.3978567,-122.2786386,38712.9111211,Tract 029101,38712.9111211145,38054324.7346336
338,53,33,29102,53033029102,291.02,Census Tract,G5020,S,2567137,0,47.3798860,-122.2841327,24992.3483217,Tract 029102,24992.3483217257,27633705.6045197
339,53,33,29203,53033029203,292.03,Census Tract,G5020,S,2009030,0,47.3862784,-122.2313781,28457.7789151,Tract 029203,28457.7789151196,21625944.3390525
340,53,33,29205,53033029205,292.05,Census Tract,G5020,S,1868767,40687,47.3878067,-122.2638518,28181.7650489,Tract 029205,28181.7650488866,20554041.758293
341,53,33,29206,53033029206,292.06,Census Tract,G5020,S,17259980,232894,47.4144378,-122.2433601,69283.5991855,Tract 029206,69283.5991855318,188297487.116834
342,53,33,29207,53033029207,292.07,Census Tract,G5020,S,2255652,1263,47.4044643,-122.2110851,28910.057293,Tract 029207,28910.0572929615,24294029.3832839
343,53,33,29208,53033029208,292.08,Census Tract,G5020,S,1978624,423,47.3929289,-122.2206867,21652.833508,Tract 029208,21652.8335079937,21303077.0837583
344,53,33,29304,53033029304,293.04,Census Tract,G5020,S,4162138,507,47.4385923,-122.1691860,27020.6697518,Tract 029304,27020.6697518293,44807219.3420141
345,53,33,29305,53033029305,293.05,Census Tract,G5020,S,2897230,2246,47.4219143,-122.2114434,22923.3236604,Tract 029305,22923.3236603646,31210555.5486098
346,53,33,29306,53033029306,293.06,Census Tract,G5020,S,2372866,182821,47.4214221,-122.1801056,20992.1922891,Tract 029306,20992.1922890745,27509923.8227994
347,53,33,29307,53033029307,293.07,Census Tract,G5020,S,3830941,39589,47.4218407,-122.1594823,26347.7503579,Tract 029307,26347.7503579627,41663188.430177
348,53,33,29308,53033029308,293.08,Census Tract,G5020,S,1347848,0,47.4377350,-122.1916538,16228.0863531,Tract 029308,16228.0863531484,14508402.8506679
349,53,33,29309,53033029309,293.09,Census Tract,G5020,S,2261673,0,47.4363871,-122.2072334,21294.6163587,Tract 029309,21294.6163586514,24344962.8108865
350,53,33,29403,53033029403,294.03,Census Tract,G5020,S,2407379,385,47.4094803,-122.2003764,20836.8589917,Tract 029403,20836.8589917067,25917796.3830831
351,53,33,29405,53033029405,294.05,Census Tract,G5020,S,2492138,0,47.4089182,-122.1759183,21074.1763056,Tract 029405,21074.1763055396,26826012.9573336
352,53,33,29406,53033029406,294.06,Census Tract,G5020,S,2620731,89031,47.3974254,-122.1786815,22017.9871851,Tract 029406,22017.9871850676,29168780.5977001
353,53,33,29407,53033029407,294.07,Census Tract,G5020,S,1334702,0,47.3941343,-122.2018618,18167.6609365,Tract 029407,18167.6609365254,14367190.0030421
354,53,33,29408,53033029408,294.08,Census Tract,G5020,S,1263995,0,47.3947994,-122.1917809,19416.389533,Tract 029408,19416.3895330344,13606070.5808948
355,53,33,29504,53033029504,295.04,Census Tract,G5020,S,1883417,0,47.3797202,-122.1945496,18236.1929628,Tract 029504,18236.1929627459,20273849.6759339
356,53,33,29505,53033029505,295.05,Census Tract,G5020,S,1408180,0,47.3803885,-122.2083785,15761.1793477,Tract 029505,15761.1793477031,15158179.8702742
357,53,33,29506,53033029506,295.06,Census Tract,G5020,S,953757,0,47.3697588,-122.1987143,18618.2465309,Tract 029506,18618.2465308677,10266664.4148149
358,53,33,29507,53033029507,295.07,Census Tract,G5020,S,1749224,0,47.3671453,-122.1743525,18847.5351443,Tract 029507,18847.5351443362,18829453.9277645
359,53,33,29508,53033029508,295.08,Census Tract,G5020,S,2562172,34833,47.3851005,-122.1787790,21149.9970777,Tract 029508,21149.9970776843,27955187.2450375
360,53,33,29602,53033029602,296.02,Census Tract,G5020,S,6665522,47921,47.3382029,-122.1880797,41181.4697903,Tract 029602,41181.4697902747,72267467.7290162
361,53,33,29603,53033029603,296.03,Census Tract,G5020,S,1543490,5693,47.3615608,-122.1880658,18577.8753973,Tract 029603,18577.8753972688,16676118.2911144
362,53,33,29604,53033029604,296.04,Census Tract,G5020,S,2407546,64463,47.3535767,-122.1823359,26578.8186523,Tract 029604,26578.8186523227,26609991.3627821
363,53,33,29701,53033029701,297.01,Census Tract,G5020,S,3422205,19062,47.3748371,-122.2271478,38255.3349327,Tract 029701,38255.3349327518,37043247.7222875
364,53,33,29702,53033029702,297.02,Census Tract,G5020,S,7757183,215197,47.3588998,-122.2224780,59496.8899504,Tract 029702,59496.8899504501,85818646.6992633
365,53,33,29803,53033029803,298.03,Census Tract,G5020,S,5399602,152809,47.3647476,-122.2637248,38127.7704519,Tract 029803,38127.7704518977,59768629.5847434
366,53,33,29804,53033029804,298.04,Census Tract,G5020,S,2506782,0,47.3614589,-122.2825109,27375.9400476,Tract 029804,27375.9400476076,26984211.6091547
367,53,33,29805,53033029805,298.05,Census Tract,G5020,S,3167566,2878,47.3399246,-122.2716387,31104.2941345,Tract 029805,31104.2941344926,34128604.5443315
368,53,33,29806,53033029806,298.06,Census Tract,G5020,S,3690363,170101,47.3499788,-122.2771826,34281.0143091,Tract 029806,34281.0143090752,41556093.4671109
369,53,33,29901,53033029901,299.01,Census Tract,G5020,S,3958812,107134,47.3240587,-122.2823360,27048.5816061,Tract 029901,27048.5816061164,43768612.0077119
370,53,33,29902,53033029902,299.02,Census Tract,G5020,S,6244310,0,47.3205788,-122.2617029,40517.7479999,Tract 029902,40517.747999908,67218073.1756221
371,53,33,30003,53033030003,300.03,Census Tract,G5020,S,4604664,963078,47.3588458,-122.3152313,42666.4381778,Tract 030003,42666.438177785,59933986.6381185
372,53,33,30005,53033030005,300.05,Census Tract,G5020,S,2163062,0,47.3365978,-122.3028494,19395.763909,Tract 030005,19395.7639090604,23284503.8062488
373,53,33,30006,53033030006,300.06,Census Tract,G5020,S,1993786,164002,47.3240403,-122.3041394,18976.2940646,Tract 030006,18976.2940646114,23227887.9289795
374,53,33,30007,53033030007,300.07,Census Tract,G5020,S,643528,0,47.3531290,-122.3075675,11725.2211208,Tract 030007,11725.2211208064,6927302.4129352
375,53,33,30008,53033030008,300.08,Census Tract,G5020,S,1407520,0,47.3487317,-122.3015522,20378.3633205,Tract 030008,20378.3633204984,15151281.2042513
376,53,33,30101,53033030101,301.01,Census Tract,G5020,S,3316611,1920873,47.3332218,-122.3577607,42822.7110582,Tract 030101,42822.7110581643,56379543.0350375
377,53,33,30102,53033030102,301.02,Census Tract,G5020,S,2586301,0,47.3381770,-122.3285768,27507.5083638,Tract 030102,27507.5083637875,27840496.7818483
378,53,33,30201,53033030201,302.01,Census Tract,G5020,S,2807515,64020,47.3206958,-122.3487088,22818.0639886,Tract 030201,22818.0639885613,30911154.0488589
379,53,33,30203,53033030203,302.03,Census Tract,G5020,S,1488981,0,47.3194456,-122.3249090,18328.7928849,Tract 030203,18328.7928848265,16028413.045234
380,53,33,30204,53033030204,302.04,Census Tract,G5020,S,1789757,0,47.3284826,-122.3216107,20503.1279579,Tract 030204,20503.1279578524,19266115.7045263
381,53,33,30304,53033030304,303.04,Census Tract,G5020,S,7535865,0,47.2766850,-122.3301341,43668.5110446,Tract 030304,43668.5110446163,81123127.4953751
382,53,33,30305,53033030305,303.05,Census Tract,G5020,S,3819389,999771,47.3189904,-122.3888642,33996.6972346,Tract 030305,33996.6972346253,51876776.0329262
383,53,33,30306,53033030306,303.06,Census Tract,G5020,S,3705307,630354,47.3130408,-122.3996459,39006.6368442,Tract 030306,39006.6368442365,46672276.8477062
384,53,33,30308,53033030308,303.08,Census Tract,G5020,S,2154063,0,47.3083168,-122.3520249,20264.8243525,Tract 030308,20264.8243525457,23187977.7582772
385,53,33,30309,53033030309,303.09,Census Tract,G5020,S,2194432,27034,47.3034962,-122.3373003,25113.7479104,Tract 030309,25113.7479103845,23913612.0948481
386,53,33,30310,53033030310,303.10,Census Tract,G5020,S,3205496,0,47.2901057,-122.3495936,24509.3430163,Tract 030310,24509.3430163014,34506642.028843
387,53,33,30311,53033030311,303.11,Census Tract,G5020,S,1900457,3993,47.3078811,-122.3685730,21015.1672399,Tract 030311,21015.1672398495,20500931.0220178
388,53,33,30312,53033030312,303.12,Census Tract,G5020,S,1853047,0,47.2932142,-122.3682021,21364.405044,Tract 030312,21364.4050440546,19947781.2978623
389,53,33,30313,53033030313,303.13,Census Tract,G5020,S,4061855,0,47.3002007,-122.3138424,34015.7883054,Tract 030313,34015.7883054367,43725073.142308
390,53,33,30314,53033030314,303.14,Census Tract,G5020,S,2492084,0,47.3080966,-122.3237353,20427.8637454,Tract 030314,20427.8637453629,26826675.7746889
391,53,33,30403,53033030403,304.03,Census Tract,G5020,S,3758274,6562,47.2677487,-122.3092311,31509.5569863,Tract 030403,31509.5569862719,40528425.6731528
392,53,33,30404,53033030404,304.04,Census Tract,G5020,S,5998037,215746,47.2674240,-122.2759315,39638.3482236,Tract 030404,39638.3482236043,66891251.8720282
393,53,33,30405,53033030405,304.05,Census Tract,G5020,S,4929005,87963,47.2908056,-122.2702520,36671.9319057,Tract 030405,36671.9319056724,54006927.9669219
394,53,33,30406,53033030406,304.06,Census Tract,G5020,S,2680316,70290,47.2857643,-122.2897663,28662.5641414,Tract 030406,28662.564141401,29609962.3554503
395,53,33,30407,53033030407,304.07,Census Tract,G5020,S,4497215,184183,47.3109875,-122.2864180,32326.0635148,Tract 030407,32326.0635148326,50394208.2158873
396,53,33,30501,53033030501,305.01,Census Tract,G5020,S,11369294,43830,47.3273852,-122.2353377,50618.3437179,Tract 030501,50618.3437179102,122858293.61309
397,53,33,30503,53033030503,305.03,Census Tract,G5020,S,3121911,64270,47.3427791,-122.2131216,29471.9234221,Tract 030503,29471.9234221363,34297856.7820296
398,53,33,30504,53033030504,305.04,Census Tract,G5020,S,1524224,42762,47.3211155,-122.2135048,18977.8763014,Tract 030504,18977.8763014498,16868118.3869458
399,53,33,30600,53033030600,306,Census Tract,G5020,S,3379427,77105,47.3069144,-122.2074969,37719.4242655,Tract 030600,37719.4242655767,37208690.1383379
400,53,33,30700,53033030700,307,Census Tract,G5020,S,1553394,0,47.2971234,-122.2215759,17513.4821889,Tract 030700,17513.4821889297,16721994.6477335
401,53,33,30801,53033030801,308.01,Census Tract,G5020,S,6956937,33590,47.2882624,-122.2362214,52797.8754314,Tract 030801,52797.8754314014,75252145.8659573
402,53,33,30802,53033030802,308.02,Census Tract,G5020,S,1385571,0,47.2861014,-122.2136873,18850.7711364,Tract 030802,18850.771136388,14915483.0586942
403,53,33,30901,53033030901,309.01,Census Tract,G5020,S,3121700,0,47.2807128,-122.2531121,29902.8393415,Tract 030901,29902.8393415263,33604878.6876547
404,53,33,30902,53033030902,309.02,Census Tract,G5020,S,3905389,46988,47.2657557,-122.2444934,32076.7400792,Tract 030902,32076.7400792381,42547301.9445249
405,53,33,31000,53033031000,310,Census Tract,G5020,S,12462097,292603,47.2689510,-122.1862092,55483.038421,Tract 031000,55483.0384210371,137304038.57225
406,53,33,31101,53033031101,311.01,Census Tract,G5020,S,4989541,64354,47.2932886,-122.1877375,36695.9168772,Tract 031101,36695.9168771804,54404336.4824145
407,53,33,31102,53033031102,311.02,Census Tract,G5020,S,2316959,60932,47.2834938,-122.1949103,30471.5215286,Tract 031102,30471.5215286153,25597739.9762499
408,53,33,31202,53033031202,312.02,Census Tract,G5020,S,66574091,1019606,47.2520052,-122.0674874,153974.370314,Tract 031202,153974.370313979,727652072.333574
409,53,33,31204,53033031204,312.04,Census Tract,G5020,S,36877757,601520,47.3063880,-122.1299110,100987.252108,Tract 031204,100987.252108193,403456097.692266
410,53,33,31206,53033031206,312.06,Census Tract,G5020,S,3633545,59492,47.3135679,-122.1836163,37310.3897859,Tract 031206,37310.3897858777,39754557.6690625
411,53,33,31207,53033031207,312.07,Census Tract,G5020,S,3261583,3323,47.3314691,-122.1622948,34270.2112915,Tract 031207,34270.2112915243,35145510.5642135
412,53,33,31208,53033031208,312.08,Census Tract,G5020,S,2618661,38070,47.3222578,-122.1936851,32866.495189,Tract 031208,32866.4951889587,28598845.6916115
413,53,33,31301,53033031301,313.01,Census Tract,G5020,S,32978507,459434,47.2046996,-122.0589541,102263.821438,Tract 031301,102263.821437634,359973045.02087
414,53,33,31302,53033031302,313.02,Census Tract,G5020,S,10837906,111632,47.1859751,-122.0119002,54393.439809,Tract 031302,54393.4398090212,117877730.977027
415,53,33,31400,53033031400,314,Census Tract,G5020,S,6362544,1179,47.2066360,-121.9889145,37048.755632,Tract 031400,37048.7556320311,68508260.4991589
416,53,33,31501,53033031501,315.01,Census Tract,G5020,S,161493800,2001827,47.3203800,-121.8791431,289802.2846,Tract 031501,289802.284599562,1759976984.88928
417,53,33,31502,53033031502,315.02,Census Tract,G5020,S,1025836912,9158672,47.2402889,-121.6344475,731681.852082,Tract 031502,731681.852081901,11141904357.8847
418,53,33,31601,53033031601,316.01,Census Tract,G5020,S,14669540,418506,47.3317137,-122.0861127,60986.9518333,Tract 031601,60986.9518332474,162417461.70216
419,53,33,31603,53033031603,316.03,Census Tract,G5020,S,55964494,1522722,47.3236554,-121.9918220,147464.801654,Tract 031603,147464.801653566,618829618.088368
420,53,33,31604,53033031604,316.04,Census Tract,G5020,S,4153703,3229,47.3543713,-122.0323107,30006.6958392,Tract 031604,30006.6958392079,44747444.030699
421,53,33,31605,53033031605,316.05,Census Tract,G5020,S,15390911,1564307,47.3232517,-122.0465811,67027.4153837,Tract 031605,67027.4153836348,182517709.055239
422,53,33,31704,53033031704,317.04,Census Tract,G5020,S,5719420,12142,47.3485353,-122.1451841,36849.8326797,Tract 031704,36849.8326797481,61697611.0140387
423,53,33,31705,53033031705,317.05,Census Tract,G5020,S,5049492,4701,47.3824059,-122.1154859,34388.5531986,Tract 031705,34388.55319858,54405398.5831661
424,53,33,31707,53033031707,317.07,Census Tract,G5020,S,3703354,19146,47.3804384,-122.1546595,27995.5249493,Tract 031707,27995.5249493058,40070499.9318097
425,53,33,31708,53033031708,317.08,Census Tract,G5020,S,3437397,623236,47.3646051,-122.1480260,28025.1232135,Tract 031708,28025.1232134673,43710595.8822352
426,53,33,31709,53033031709,317.09,Census Tract,G5020,S,2145617,17381,47.3671678,-122.1216212,21269.0174638,Tract 031709,21269.0174638318,23283509.0627775
427,53,33,31710,53033031710,317.10,Census Tract,G5020,S,2038633,0,47.3611079,-122.1118518,23741.652167,Tract 031710,23741.6521670077,21944852.4225799
428,53,33,31800,53033031800,318,Census Tract,G5020,S,24906521,3267355,47.4085335,-122.1178188,78482.0511448,Tract 031800,78482.0511447638,303271030.662752
429,53,33,31904,53033031904,319.04,Census Tract,G5020,S,18890095,168049,47.4681599,-122.0626090,71992.536844,Tract 031904,71992.5368440009,205142080.133185
430,53,33,31906,53033031906,319.06,Census Tract,G5020,S,10565748,589118,47.4368923,-122.0929679,50950.7644316,Tract 031906,50950.7644316352,120072016.054599
431,53,33,31908,53033031908,319.08,Census Tract,G5020,S,1827093,0,47.4471071,-122.1427639,21565.9145535,Tract 031908,21565.9145534601,19667012.1484004
432,53,33,31909,53033031909,319.09,Census Tract,G5020,S,1916061,0,47.4378388,-122.1434771,27217.0162607,Tract 031909,27217.0162607133,20624711.6179027
433,53,33,31910,53033031910,319.10,Census Tract,G5020,S,3322022,0,47.4583518,-122.1374379,29998.0645829,Tract 031910,29998.0645829113,35758379.93953
434,53,33,31911,53033031911,319.11,Census Tract,G5020,S,2397112,0,47.4464533,-122.1201591,23627.1583468,Tract 031911,23627.1583468316,25802739.1549616
435,53,33,31912,53033031912,319.12,Census Tract,G5020,S,7672904,0,47.4879638,-122.1052429,53542.144667,Tract 031912,53542.1446670089,82590525.3466261
436,53,33,31913,53033031913,319.13,Census Tract,G5020,S,4071514,0,47.4712497,-122.1214769,36672.8063667,Tract 031913,36672.8063667158,43825742.2397049
437,53,33,32002,53033032002,320.02,Census Tract,G5020,S,27565794,180822,47.4207619,-122.0475285,93216.7766189,Tract 032002,93216.7766188764,298668691.832227
438,53,33,32003,53033032003,320.03,Census Tract,G5020,S,121672955,304929,47.4409399,-121.9259862,199617.203399,Tract 032003,199617.203398542,1312993680.90872
439,53,33,32005,53033032005,320.05,Census Tract,G5020,S,6258304,123230,47.3733054,-122.0848083,41672.7837695,Tract 032005,41672.7837695139,68693552.9197952
440,53,33,32006,53033032006,320.06,Census Tract,G5020,S,7614212,122944,47.3499202,-122.0803474,45847.7538592,Tract 032006,45847.7538592504,83286987.6827611
441,53,33,32007,53033032007,320.07,Census Tract,G5020,S,11642036,143682,47.3911627,-122.0736583,68653.9433914,Tract 032007,68653.943391341,126865406.032339
442,53,33,32008,53033032008,320.08,Census Tract,G5020,S,2292972,157783,47.3645060,-122.0492466,24772.0082637,Tract 032008,24772.008263685,26381057.0144262
443,53,33,32010,53033032010,320.10,Census Tract,G5020,S,5282446,0,47.3791911,-122.0247031,49033.9109882,Tract 032010,49033.9109882035,56862371.7387339
444,53,33,32011,53033032011,320.11,Census Tract,G5020,S,3321208,280902,47.3671108,-122.0301640,27701.5944823,Tract 032011,27701.5944823059,38774789.4984912
445,53,33,32102,53033032102,321.02,Census Tract,G5020,S,79709009,90596,47.4851507,-121.9657839,131282.236272,Tract 032102,131282.236271804,858954421.472819
446,53,33,32103,53033032103,321.03,Census Tract,G5020,S,3987303,0,47.5385933,-122.0479034,38239.7000618,Tract 032103,38239.7000617839,42918171.0440527
447,53,33,32104,53033032104,321.04,Census Tract,G5020,S,22279675,0,47.5049542,-122.0533488,68335.1200086,Tract 032104,68335.12000856,239814780.371408
448,53,33,32207,53033032207,322.07,Census Tract,G5020,S,4627754,1325468,47.5834873,-122.0602972,47159.0602744,Tract 032207,47159.0602743564,64077849.0777813
449,53,33,32211,53033032211,322.11,Census Tract,G5020,S,2975309,0,47.5798212,-122.0193634,30696.9761144,Tract 032211,30696.9761144212,32024895.0420406
450,53,33,32213,53033032213,322.13,Census Tract,G5020,S,4042487,286842,47.5852426,-121.9861175,32655.8053999,Tract 032213,32655.8053999285,46598808.7792715
451,53,33,32215,53033032215,322.15,Census Tract,G5020,S,15951833,10175,47.6066963,-121.9869787,72028.5086688,Tract 032215,72028.5086688511,171806148.698987
452,53,33,32216,53033032216,322.16,Census Tract,G5020,S,4324748,0,47.6036467,-122.0467685,30321.2126395,Tract 032216,30321.2126395384,46549296.2399176
453,53,33,32217,53033032217,322.17,Census Tract,G5020,S,5744875,5098073,47.5968734,-122.0720001,55481.5667298,Tract 032217,55481.5667298026,116707956.040964
454,53,33,32218,53033032218,322.18,Census Tract,G5020,S,4381829,28938,47.5713149,-122.0385650,42967.8631643,Tract 032218,42967.8631643143,47475688.8793061
455,53,33,32219,53033032219,322.19,Census Tract,G5020,S,6523248,961466,47.5558944,-122.0495856,47618.9460711,Tract 032219,47618.9460711167,80562696.2245866
456,53,33,32220,53033032220,322.20,Census Tract,G5020,S,6091125,0,47.5468306,-122.0152219,35063.2767978,Tract 032220,35063.2767978177,65562834.2734634
457,53,33,32221,53033032221,322.21,Census Tract,G5020,S,35573754,7767,47.5496906,-121.9549377,95466.0730904,Tract 032221,95466.0730903843,382986376.05003
458,53,33,32222,53033032222,322.22,Census Tract,G5020,S,1281699,0,47.5715386,-121.9981579,17767.1788819,Tract 032222,17767.1788819265,13795677.7083136
459,53,33,32223,53033032223,322.23,Census Tract,G5020,S,2090794,42596,47.5645237,-122.0151668,22098.534514,Tract 032223,22098.534514015,22963003.7324965
460,53,33,32224,53033032224,322.24,Census Tract,G5020,S,3018668,0,47.5948656,-122.0221409,23164.6038858,Tract 032224,23164.6038857972,32491452.7427642
461,53,33,32225,53033032225,322.25,Census Tract,G5020,S,3809641,44579,47.6102663,-122.0264751,28255.453093,Tract 032225,28255.4530930206,41484685.9445007
462,53,33,32307,53033032307,323.07,Census Tract,G5020,S,11589621,234335,47.7541282,-122.1018928,55734.8273682,Tract 032307,55734.8273681484,127261336.564697
463,53,33,32311,53033032311,323.11,Census Tract,G5020,S,23710057,92770,47.7515039,-122.0387481,73151.9284576,Tract 032311,73151.9284575916,256190150.824165
464,53,33,32313,53033032313,323.13,Census Tract,G5020,S,13092583,415255,47.6704667,-122.0889458,55456.5650771,Tract 032313,55456.5650771117,145388524.919369
465,53,33,32315,53033032315,323.15,Census Tract,G5020,S,44513525,1359055,47.6642529,-121.9767890,120416.826451,Tract 032315,120416.826451065,493739649.401585
466,53,33,32316,53033032316,323.16,Census Tract,G5020,S,6235320,2556870,47.6392224,-122.0712450,53692.7598034,Tract 032316,53692.7598033812,94633470.4632092
467,53,33,32317,53033032317,323.17,Census Tract,G5020,S,4393664,0,47.6276165,-122.0479850,32195.1073436,Tract 032317,32195.1073435984,47290713.7944245
468,53,33,32318,53033032318,323.18,Census Tract,G5020,S,7326618,28260,47.6372150,-122.0394458,47071.7154133,Tract 032318,47071.7154132714,79163258.3409219
469,53,33,32319,53033032319,323.19,Census Tract,G5020,S,6867974,0,47.7595594,-122.1476069,48009.7912915,Tract 032319,48009.791291521,73919955.497661
470,53,33,32320,53033032320,323.20,Census Tract,G5020,S,9661905,40422,47.7564769,-122.1244452,55924.3544075,Tract 032320,55924.3544075089,104426247.913298
471,53,33,32321,53033032321,323.21,Census Tract,G5020,S,12781170,0,47.7180124,-122.1262416,57289.1792625,Tract 032321,57289.1792624227,137565432.061888
472,53,33,32322,53033032322,323.22,Census Tract,G5020,S,4628580,0,47.7262356,-122.0977000,31966.6566388,Tract 032322,31966.6566387648,49817882.099992
473,53,33,32323,53033032323,323.23,Census Tract,G5020,S,3291835,0,47.6986018,-122.1117667,26674.568503,Tract 032323,26674.5685030362,35430609.6492694
474,53,33,32324,53033032324,323.24,Census Tract,G5020,S,2048589,0,47.6855267,-122.1199841,25346.8535136,Tract 032324,25346.853513533,22049418.8210063
475,53,33,32325,53033032325,323.25,Census Tract,G5020,S,2212937,0,47.6864819,-122.1049565,26700.9516194,Tract 032325,26700.9516193599,23818338.6248026
476,53,33,32326,53033032326,323.26,Census Tract,G5020,S,10288287,0,47.7242618,-122.0785815,61582.0108201,Tract 032326,61582.0108200581,110734207.105563
477,53,33,32327,53033032327,323.27,Census Tract,G5020,S,16167035,114301,47.7094527,-122.0423942,68491.5158512,Tract 032327,68491.5158512372,175238435.751702
478,53,33,32328,53033032328,323.28,Census Tract,G5020,S,8504236,0,47.6641638,-122.0461286,52365.248275,Tract 032328,52365.2482749427,91533480.9522641
479,53,33,32330,53033032330,323.30,Census Tract,G5020,S,4649727,0,47.6899362,-122.1381057,38284.3526445,Tract 032330,38284.3526444404,50045942.0990587
480,53,33,32331,53033032331,323.31,Census Tract,G5020,S,1440138,0,47.6723963,-122.1210863,20812.8331022,Tract 032331,20812.8331022653,15500591.9941044
481,53,33,32332,53033032332,323.32,Census Tract,G5020,S,4774596,0,47.6794897,-122.0383201,33894.3578804,Tract 032332,33894.3578803784,51390059.6344489
482,53,33,32333,53033032333,323.33,Census Tract,G5020,S,4878002,0,47.6877305,-122.0213688,31818.0472402,Tract 032333,31818.0472402208,52502940.0027452
483,53,33,32401,53033032401,324.01,Census Tract,G5020,S,56328122,1081012,47.7463169,-121.9478740,145555.551346,Tract 032401,145555.551346197,617896843.702131
484,53,33,32402,53033032402,324.02,Census Tract,G5020,S,25143316,628419,47.7055790,-121.9488126,94106.6353736,Tract 032402,94106.6353735957,277385451.774451
485,53,33,32500,53033032500,325,Census Tract,G5020,S,213738466,3896831,47.7019073,-121.8274607,318923.175793,Tract 032500,318923.175793075,2342441971.04098
486,53,33,32601,53033032601,326.01,Census Tract,G5020,S,61227726,1116537,47.5815990,-121.8693353,158257.022231,Tract 032601,158257.022230731,671043279.656976
487,53,33,32603,53033032603,326.03,Census Tract,G5020,S,12385870,427271,47.5505897,-121.8677826,62214.5989858,Tract 032603,62214.5989858345,137916135.600582
488,53,33,32604,53033032604,326.04,Census Tract,G5020,S,12971916,81082,47.5218155,-121.8815284,63192.0872683,Tract 032604,63192.0872683039,140499319.398432
489,53,33,32605,53033032605,326.05,Census Tract,G5020,S,4530738,131898,47.5368811,-121.9007672,35019.9126339,Tract 032605,35019.9126339108,50187209.5202076
490,53,33,32703,53033032703,327.03,Census Tract,G5020,S,9930977,181212,47.5143018,-121.8179238,74493.9589797,Tract 032703,74493.9589796696,108845331.784968
491,53,33,32704,53033032704,327.04,Census Tract,G5020,S,16775239,545880,47.4933201,-121.7720910,106689.286114,Tract 032704,106689.286114074,186443514.930979
492,53,33,32705,53033032705,327.05,Census Tract,G5020,S,52619291,582390,47.4666205,-121.8050261,130434.685535,Tract 032705,130434.685534573,572666497.966424
493,53,33,32706,53033032706,327.06,Census Tract,G5020,S,458845767,11916761,47.4631821,-121.4989644,478392.368394,Tract 032706,478392.368394541,5067381610.66768
494,53,33,32800,53033032800,328,Census Tract,G5020,S,1390641456,27389939,47.6530738,-121.4312774,669280.908299,Tract 032800,669280.908298776,15262735285.1946
495,53,33,990100,53033990100,9901,Census Tract,G5020,S,0,240227879,47.5114466,-122.4154275,648226.730436,Tract 990100,648226.730435489,2585783320.77746